Lane.accession,MLST,Isolate,Year,CTZ,CTX,AMP,AMX,AMC,TZP,CXM,CET,GEN,TBM,TMP,CIP
ERR435312,68,11679_6#21,2001,S,,,S,S,S,R,,R,,,R
ERR434919,652,11658_6#85,2005,S,S,,S,S,S,S,,S,,,S
ERR434399,95,11657_6#45,2005,S,S,,R,R,R,S,,S,,,S
ERR434695,73,11658_4#53,2005,S,S,,R,S,S,S,,S,,,S
ERR434696,73,11658_4#54,2005,S,S,,R,S,S,S,,S,,,S
ERR434920,1231,11658_6#86,2005,S,S,,S,S,S,S,,S,,,S
ERR434921,5597,11658_6#87,2005,S,S,,S,S,S,S,,S,,,S
ERR435094,95,11658_8#91,2005,S,S,,R,R,S,S,,S,,,S
ERR434697,538,11658_4#55,2005,S,S,,R,S,S,S,,S,,,S
ERR439724,73,11791_7#62,2005,S,S,,S,S,S,S,,S,,,S
ERR434580,95,11658_3#34,2005,S,S,,S,S,S,S,,S,,,S
ERR434825,131,11658_5#87,2005,R,R,,R,R,S,R,,R,,,R
ERR434826,14,11658_5#88,2005,S,S,,R,S,S,S,,S,,,S
ERR434306,73,11657_5#48,2005,S,S,,S,S,S,S,,S,,,S
ERR434922,131,11658_6#88,2005,R,R,,R,R,R,R,,S,,,R
ERR434910,974,11658_6#76,2005,S,S,,S,S,S,S,,S,,,S
ERR434923,73,11658_6#89,2005,S,S,,S,S,S,S,,S,,,S
ERR435095,131,11658_8#92,2005,S,S,,R,R,S,S,,R,,,R
ERR434909,2617,11658_6#75,2005,S,S,,R,R,S,S,,S,,,S
ERR434698,295,11658_4#56,2005,S,S,,S,S,S,S,,S,,,S
ERR435330,73,11679_6#39,2005,S,S,,S,S,S,S,,S,,,S
ERR434689,48,11658_4#47,2005,S,S,,S,S,S,S,,S,,,S
ERR434908,73,11658_6#74,2005,S,S,,R,R,S,S,,S,,,S
ERR434699,131,11658_4#57,2005,S,S,,R,S,S,S,,S,,,S
ERR439732,1155,11791_7#70,2005,S,S,,S,S,S,S,,S,,,S
ERR435528,95,11679_8#45,2005,S,S,,S,S,S,S,,S,,,S
ERR434820,73,11658_5#82,2005,S,S,,R,R,S,R,,S,,,S
ERR435226,73,11679_5#31,2005,S,S,,R,R,S,R,,S,,,S
ERR439570,95,11791_3#38,2005,S,S,,S,S,S,S,,S,,,S
ERR435131,131,11679_4#32,2005,S,S,,R,S,S,S,,R,,,R
ERR434700,95,11658_4#58,2005,S,S,,R,R,S,S,,R,,,S
ERR435529,73,11679_8#46,2005,S,S,,S,S,S,S,,S,,,S
ERR435331,95,11679_6#40,2005,S,S,,R,S,S,S,,S,,,S
ERR435227,73,11679_5#32,2005,S,S,,S,S,S,S,,S,,,S
ERR439571,62,11791_3#39,2005,S,S,,R,R,S,S,,S,,,S
ERR439572,73,11791_3#40,2005,S,S,,S,S,S,S,,S,,,S
ERR435530,69,11679_8#47,2005,S,S,,R,R,S,S,,R,,,S
ERR434581,73,11658_3#35,2005,S,S,,S,S,S,S,,S,,,S
ERR434582,131,11658_3#36,2005,S,S,,S,S,S,S,,S,,,R
ERR439650,73,11791_6#23,2005,S,S,,R,S,S,S,,S,,,S
ERR435531,69,11679_8#48,2005,S,S,,R,S,S,S,,S,,,S
ERR439718,73,11791_7#56,2005,S,S,,R,R,R,S,,S,,,S
ERR435078,69,11658_8#75,2005,S,S,,R,R,S,S,,S,,,S
ERR434907,131,11658_6#73,2005,S,S,,R,S,S,S,,S,,,R
ERR435079,73,11658_8#76,2005,S,S,,R,S,S,S,,S,,,S
ERR434307,95,11657_5#49,2005,S,S,,S,S,S,S,,S,,,S
ERR435132,59,11679_4#33,2005,S,S,,R,S,S,S,,S,,,S
ERR439623,80,11791_3#91,2005,S,S,,R,R,S,S,,S,,,S
ERR435332,91,11679_6#41,2005,S,S,,S,S,S,S,,S,,,S
ERR435275,131,11679_5#80,2005,S,S,,R,R,S,S,,S,,,S
ERR435416,88,11679_7#29,2005,S,S,,S,S,S,S,,S,,,S
ERR435133,648,11679_4#34,2005,S,S,,R,R,S,S,,S,,,R
ERR439573,62,11791_3#41,2005,S,S,,S,S,S,S,,S,,,S
ERR435333,95,11679_6#42,2005,S,S,,S,S,S,S,,S,,,S
ERR434496,58,11657_7#46,2005,S,S,,R,S,S,S,,S,,,S
ERR435228,131,11679_5#33,2005,S,S,,R,S,S,S,,S,,,R
ERR435532,2272,11679_8#49,2005,S,S,,R,S,S,S,,S,,,S
ERR435134,131,11679_4#35,2005,S,S,,R,S,S,S,,S,,,R
ERR435417,127,11679_7#30,2005,S,S,,S,S,S,S,,S,,,S
ERR434444,10,11657_6#90,2005,S,S,,S,S,S,S,,S,,,S
ERR435418,357,11679_7#31,2005,S,S,,S,S,S,R,,S,,,S
ERR435419,69,11679_7#32,2005,S,S,,R,S,S,S,,S,,,S
ERR435229,69,11679_5#34,2005,S,S,,S,S,S,S,,S,,,S
ERR434400,73,11657_6#46,2005,S,S,,S,S,S,S,,S,,,S
ERR439574,73,11791_3#42,2005,S,S,,S,S,S,S,,S,,,S
ERR435563,1333,11679_8#81,2005,S,S,,S,S,S,S,,S,,,S
ERR435375,73,11679_6#84,2005,S,S,,R,R,S,S,,S,,,S
ERR435334,73,11679_6#43,2005,S,S,,S,S,S,S,,S,,,S
ERR434401,131,11657_6#47,2005,S,S,,S,S,S,S,,S,,,S
ERR434738,73,11658_4#96,2005,S,S,,R,S,S,S,,S,,,S
ERR439607,73,11791_3#75,2005,S,S,,R,R,S,S,,S,,,S
ERR434448,131,11657_6#94,2005,S,R,,R,R,S,R,,S,,,R
ERR435476,640,11679_7#89,2005,S,S,,S,S,S,S,,S,,,S
ERR439622,88,11791_3#90,2005,S,S,,R,R,S,S,,S,,,S
ERR434539,131,11657_7#89,2005,S,R,,R,R,S,R,,S,,,R
ERR435277,73,11679_5#82,2005,S,S,,S,S,S,S,,S,,,S
ERR439606,95,11791_3#74,2005,S,S,,R,S,S,S,,S,,,S
ERR435135,95,11679_4#36,2005,S,S,,R,R,S,S,,S,,,S
ERR434308,73,11657_5#50,2005,S,S,,S,S,S,S,,S,,,S
ERR435230,533,11679_5#35,2005,S,S,,R,R,S,R,,S,,,R
ERR439575,131,11791_3#43,2005,S,R,,R,R,S,R,,S,,,R
ERR435335,95,11679_6#44,2005,S,S,,R,S,S,S,,S,,,S
ERR434583,12,11658_3#37,2005,S,S,,R,R,S,S,,S,,,S
ERR435421,1057,11679_7#34,2005,S,S,,S,S,S,S,,S,,,S
ERR435136,14,11679_4#37,2005,S,S,,S,S,S,S,,S,,,S
ERR435533,69,11679_8#50,2005,S,S,,R,S,S,S,,S,,,S
ERR439576,69,11791_3#44,2005,S,S,,R,S,S,S,,S,,,S
ERR434827,95,11658_5#89,2005,S,S,,S,S,S,S,,S,,,S
ERR460494,23,11893_8#71,2005,S,S,,S,S,S,S,,S,,,S
ERR434497,131,11657_7#47,2005,S,S,,R,R,S,S,,S,,,R
ERR434309,452,11657_5#51,2005,S,S,,S,S,S,S,,S,,,S
ERR434584,131,11658_3#38,2005,R,R,,R,R,S,R,,R,,,R
ERR434633,69,11658_3#87,2005,S,S,,S,S,S,S,,S,,,S
ERR435336,131,11679_6#45,2005,S,S,,R,S,S,S,,S,,,S
ERR434310,10,11657_5#52,2005,R,R,,R,R,S,R,,R,,,R
ERR435337,38,11679_6#46,2005,S,S,,R,S,S,R,,S,,,R
ERR434828,95,11658_5#90,2005,S,S,,R,S,S,S,,S,,,S
ERR435338,5648,11679_6#47,2005,S,S,,R,S,S,R,,S,,,R
ERR434283,80,11657_5#25,2001,S,,,R,S,S,S,,S,,,S
ERR439577,5628,11791_3#45,2005,S,S,,S,S,S,S,,S,,,S
ERR434498,73,11657_7#48,2005,S,S,,R,S,S,S,,S,,,S
ERR434499,95,11657_7#49,2005,S,S,,R,S,S,S,,S,,,S
ERR434446,144,11657_6#92,2005,S,S,,R,S,S,S,,S,,,S
ERR434701,73,11658_4#59,2005,S,R,,R,S,S,R,,S,,,S
ERR435137,73,11679_4#38,2005,S,R,,R,S,S,R,,S,,,S
ERR434585,73,11658_3#39,2005,S,R,,R,S,S,R,,S,,,S
ERR435422,95,11679_7#35,2005,S,S,,R,R,S,S,,S,,,S
ERR434702,131,11658_4#60,2005,S,S,,R,R,S,S,,S,,,S
ERR434384,73,11657_6#30,2001,S,,,R,S,S,S,,S,,,S
ERR434568,10,11658_3#22,2001,S,,,R,S,S,S,,S,,,S
ERR434284,73,11657_5#26,2001,S,,,S,S,S,R,,S,,,S
ERR434478,95,11657_7#28,2001,S,,,S,S,S,S,,S,,,S
ERR435534,847,11679_8#52,2006,S,S,,S,S,S,S,,S,,,S
ERR439609,73,11791_3#77,2006,S,S,,R,R,S,R,,S,,,S
ERR435377,12,11679_6#86,2006,S,S,,R,S,S,S,,S,,,S
ERR434500,95,11657_7#50,2006,S,S,,S,S,S,S,,S,,,S
ERR435423,104,11679_7#36,2006,S,S,,S,S,S,S,,S,,,S
ERR434311,95,11657_5#53,2006,S,S,,S,S,S,S,,S,,,S
ERR435339,48,11679_6#48,2006,S,S,,R,S,S,S,,S,,,S
ERR439578,372,11791_3#46,2006,S,S,,R,R,S,S,,S,,,S
ERR439579,127,11791_3#47,2006,S,S,,S,S,S,S,,S,,,S
ERR435119,405,11679_4#20,2001,S,,,R,R,S,R,,S,,,R
ERR435565,104,11679_8#83,2006,S,S,,R,R,S,R,,S,,,S
ERR435405,1257,11679_7#18,2001,S,,,R,S,S,S,,S,,,S
ERR434669,10,11658_4#27,2001,S,,,R,S,S,S,,S,,,S
ERR435138,131,11679_4#39,2006,S,S,,R,R,S,R,,R,,,R
ERR435571,617,11679_8#89,2006,S,S,,R,R,S,S,,S,,,R
ERR434703,131,11658_4#61,2006,R,R,,R,R,R,R,,S,,,R
ERR435139,131,11679_4#40,2006,S,S,,R,R,S,S,,S,,,R
ERR435140,73,11679_4#41,2006,S,S,,R,R,S,S,,S,,,S
ERR435141,73,11679_4#42,2006,S,S,,S,S,S,S,,S,,,S
ERR434924,73,11658_6#90,2006,S,S,,S,S,S,S,,S,,,S
ERR434995,131,11658_7#65,2006,R,R,,R,R,S,R,,R,,,R
ERR434402,73,11657_6#48,2006,S,S,,R,S,S,S,,S,,,S
ERR439580,73,11791_3#48,2006,S,S,,R,R,S,S,,S,,,S
ERR434996,5491,11658_7#66,2006,R,R,,R,R,S,R,,R,,,R
ERR434501,14,11657_7#51,2006,S,S,,R,S,S,S,,S,,,S
ERR435142,127,11679_4#43,2006,S,S,,R,S,S,S,,S,,,S
ERR435231,410,11679_5#36,2006,R,R,,R,R,S,R,,R,,,R
ERR435535,357,11679_8#53,2006,S,S,,S,S,S,S,,S,,,S
ERR434312,95,11657_5#54,2006,S,S,,S,S,S,S,,S,,,S
ERR435383,167,11679_6#92,2006,R,R,,R,R,R,R,,R,,,R
ERR434586,127,11658_3#40,2006,S,S,,R,S,S,S,,S,,,S
ERR434997,131,11658_7#67,2006,S,S,,R,S,S,S,,S,,,R
ERR435536,58,11679_8#54,2006,S,S,,S,S,S,S,,S,,,S
ERR434998,95,11658_7#68,2006,S,S,,S,S,S,S,,S,,,S
ERR434403,5425,11657_6#49,2006,S,S,,S,S,S,S,,S,,,S
ERR434999,5384,11658_7#69,2006,S,S,,R,R,R,S,,S,,,S
ERR434320,5425,11657_5#62,2006,S,S,,S,S,S,S,,S,,,S
ERR434413,144,11657_6#59,2006,S,S,,S,S,S,S,,S,,,S
ERR435548,69,11679_8#66,2006,S,S,,R,S,S,S,,S,,,S
ERR435428,393,11679_7#41,2006,S,S,,R,R,S,R,,S,,,R
ERR435163,393,11679_4#64,2006,S,S,,R,R,S,S,,S,,,R
ERR435242,73,11679_5#47,2006,S,S,,S,S,S,S,,S,,,S
ERR434592,73,11658_3#46,2006,S,S,,S,S,S,S,,S,,,S
ERR435154,73,11679_4#55,2006,S,S,,S,S,S,S,,S,,,S
ERR434321,357,11657_5#63,2006,S,S,,S,S,S,S,,S,,,S
ERR435347,14,11679_6#56,2006,S,S,,R,R,S,S,,S,,,S
ERR434593,73,11658_3#47,2006,S,S,,S,S,S,S,,S,,,S
ERR439592,1858,11791_3#60,2006,S,S,,S,S,S,S,,S,,,S
ERR435155,131,11679_4#56,2006,R,R,,R,R,S,R,,S,,,R
ERR435243,1081,11679_5#48,2006,S,S,,R,S,S,S,,S,,,S
ERR435549,12,11679_8#67,2006,S,S,,R,R,S,S,,S,,,S
ERR434322,372,11657_5#64,2006,S,S,,R,R,R,S,,R,,,S
ERR435348,93,11679_6#57,2006,S,S,,S,S,S,S,,S,,,S
ERR439593,767,11791_3#61,2006,S,S,,R,R,R,R,,S,,,S
ERR434323,393,11657_5#65,2006,S,S,,R,R,R,S,,S,,,R
ERR435254,124,11679_5#59,2006,S,S,,R,S,S,S,,S,,,S
ERR434520,131,11657_7#70,2006,S,S,,R,R,R,S,,S,,,R
ERR435360,1231,11679_6#69,2006,S,S,,S,S,S,S,,S,,,S
ERR434325,69,11657_5#67,2006,S,S,,R,S,S,S,,S,,,S
ERR434611,393,11658_3#65,2006,S,S,,S,S,S,S,,S,,,R
ERR434594,1459,11658_3#48,2006,S,S,,S,S,S,S,,S,,,S
ERR434595,69,11658_3#49,2006,S,S,,R,R,S,S,,S,,,S
ERR434326,394,11657_5#68,2006,S,S,,R,R,S,S,,S,,,S
ERR434796,357,11658_5#58,2001,S,,,S,S,S,S,,S,,,S
ERR434408,12,11657_6#54,2006,S,S,,R,S,S,S,,S,,,S
ERR434596,641,11658_3#50,2006,S,S,,S,S,S,S,,S,,,S
ERR434603,73,11658_3#57,2006,S,S,,R,S,S,S,,S,,,S
ERR435433,95,11679_7#46,2006,S,S,,R,R,S,S,,S,,,S
ERR434597,80,11658_3#51,2006,S,S,,S,S,S,S,,S,,,S
ERR434415,648,11657_6#61,2006,S,S,,S,S,S,S,,S,,,S
ERR435244,38,11679_5#49,2006,S,S,,R,R,S,S,,S,,,S
ERR434569,91,11658_3#23,2001,S,,,S,S,S,S,,S,,,S
ERR434598,416,11658_3#52,2006,S,S,,S,S,S,S,,S,,,S
ERR435161,131,11679_4#62,2006,S,S,,S,S,S,S,,S,,,S
ERR435350,131,11679_6#59,2006,R,R,,R,R,R,R,,S,,,R
ERR434327,10,11657_5#69,2006,S,S,,R,R,S,S,,S,,,R
ERR434328,5614,11657_5#70,2006,S,S,,S,S,S,S,,S,,,S
ERR434707,131,11658_4#65,2006,S,R,,R,R,S,R,,S,,,R
ERR435245,998,11679_5#50,2006,S,S,,R,R,R,S,,S,,,S
ERR439653,95,11791_6#26,2006,S,S,,R,R,S,S,,S,,,S
ERR439651,131,11791_6#24,2006,R,R,,R,R,S,R,,R,,,R
ERR435120,79,11679_4#21,2001,S,,,R,R,S,S,,S,,,S
ERR434708,131,11658_4#66,2006,S,R,,R,R,S,R,,S,,,R
ERR434570,410,11658_3#24,2001,S,,,R,R,S,S,,R,,,R
ERR435160,405,11679_4#61,2006,R,R,,R,R,S,R,,R,,,R
ERR435435,95,11679_7#48,2006,S,S,,S,S,S,S,,S,,,S
ERR434417,131,11657_6#63,2006,S,R,,R,R,R,R,,S,,,R
ERR435159,5360,11679_4#60,2006,S,S,,R,S,S,S,,S,,,S
ERR434418,131,11657_6#64,2006,S,R,,R,R,S,R,,S,,,R
ERR435156,73,11679_4#57,2006,S,S,,R,R,S,R,,S,,,S
ERR434420,14,11657_6#66,2006,S,S,,S,S,S,S,,S,,,S
ERR435351,95,11679_6#60,2006,S,S,,R,S,S,S,,S,,,S
ERR434516,131,11657_7#66,2006,R,R,,R,R,R,R,,S,,,R
ERR439538,410,11791_3#6,2001,S,,,R,R,S,S,,R,,,R
ERR434515,367,11657_7#65,2006,S,S,,S,S,S,S,,S,,,S
ERR435440,648,11679_7#53,2006,S,S,,R,S,S,R,,S,,,R
ERR434709,964,11658_4#67,2006,S,S,,R,R,R,R,,S,,,R
ERR434514,69,11657_7#64,2006,S,S,,R,R,S,S,,S,,,S
ERR434599,12,11658_3#53,2006,S,S,,R,R,S,S,,S,,,S
ERR435437,73,11679_7#50,2006,S,S,,R,S,S,S,,S,,,S
ERR435246,10,11679_5#51,2006,S,S,,R,R,S,S,,S,,,S
ERR435424,69,11679_7#37,2006,S,S,,R,S,S,S,,S,,,S
ERR435353,115,11679_6#62,2006,S,S,,R,S,S,S,,S,,,S
ERR439652,131,11791_6#25,2006,S,S,,R,R,S,S,,S,,,R
ERR435406,127,11679_7#19,2001,S,,,R,S,S,S,,S,,,S
ERR435238,405,11679_5#43,2006,S,S,,R,S,S,S,,S,,,S
ERR435210,73,11679_5#15,2001,S,,,S,S,S,S,,R,,,R
ERR434419,131,11657_6#65,2006,S,S,,R,R,R,S,,R,,,R
ERR435250,95,11679_5#55,2006,S,S,,R,S,S,S,,S,,,S
ERR435001,131,11658_7#71,2006,S,S,,S,S,S,S,,R,,,R
ERR434710,648,11658_4#68,2006,S,S,,R,S,S,S,,S,,,R
ERR435256,23,11679_5#61,2006,S,S,,R,S,S,S,,S,,,S
ERR435439,12,11679_7#52,2006,S,S,,S,S,S,S,,S,,,S
ERR435157,131,11679_4#58,2006,S,S,,R,R,R,S,,S,,,S
ERR435550,69,11679_8#68,2006,S,S,,R,S,S,S,,S,,,S
ERR435438,12,11679_7#51,2006,S,S,,R,S,S,S,,S,,,S
ERR435211,10,11679_5#16,2001,S,,,R,S,S,R,,S,,,S
ERR434479,372,11657_7#29,2001,S,,,R,R,S,R,,S,,,S
ERR434285,73,11657_5#27,2001,S,,,R,S,S,S,,S,,,S
ERR439591,127,11791_3#59,2007,S,S,,S,S,S,S,,S,,,S
ERR439581,131,11791_3#49,2007,S,S,,S,S,S,R,,S,,,S
ERR435152,131,11679_4#53,2007,S,S,,R,R,S,R,,S,,,R
ERR434318,648,11657_5#60,2007,S,S,,R,R,S,S,,S,,,R
ERR435248,10,11679_5#53,2007,S,S,,R,S,S,S,,S,,,S
ERR435249,10,11679_5#54,2007,S,S,,R,S,S,S,,S,,,S
ERR434600,12,11658_3#54,2007,S,S,,R,R,S,S,,S,,,S
ERR439595,393,11791_3#63,2007,S,S,,R,R,S,S,,R,,,R
ERR435540,69,11679_8#58,2007,S,S,,R,R,S,S,,S,,,S
ERR434601,131,11658_3#55,2007,R,R,,R,S,S,R,,S,,,R
ERR434602,131,11658_3#56,2007,R,R,,R,R,S,R,,R,,,R
ERR435564,95,11679_8#82,2007,S,S,,R,S,S,S,,S,,,S
ERR434641,73,11658_3#95,2007,S,S,,R,R,S,S,,S,,,S
ERR435342,62,11679_6#51,2007,S,S,,R,S,S,S,,R,,,S
ERR435185,5242,11679_4#86,2007,S,S,,S,S,S,S,,S,,,S
ERR435352,73,11679_6#61,2007,S,S,,S,S,S,S,,S,,,S
ERR435251,348,11679_5#56,2007,S,S,,S,S,S,S,,S,,,S
ERR435349,5363,11679_6#58,2007,S,S,,S,S,S,S,,S,,,S
ERR435376,73,11679_6#85,2007,S,S,,R,R,S,S,,S,,,S
ERR435247,69,11679_5#52,2007,S,S,,R,R,S,S,,S,,,S
ERR435158,88,11679_4#59,2007,S,S,,S,S,S,S,,S,,,S
ERR434526,73,11657_7#76,2007,S,S,,R,S,S,S,,S,,,S
ERR434511,73,11657_7#61,2007,S,S,,S,S,S,S,,S,,,S
ERR434512,95,11657_7#62,2007,S,S,,S,S,S,S,,S,,,S
ERR434324,405,11657_5#66,2007,S,S,,R,R,S,R,,S,,,R
ERR434414,10,11657_6#60,2007,S,S,,R,S,S,S,,S,,,S
ERR439608,141,11791_3#76,2007,S,S,,S,S,S,S,,S,,,S
ERR434416,405,11657_6#62,2007,S,S,,R,S,S,S,,S,,,S
ERR439619,410,11791_3#87,2007,S,S,,S,S,S,S,,S,,,R
ERR439594,131,11791_3#62,2007,S,S,,S,S,S,S,,S,,,S
ERR435434,73,11679_7#47,2007,S,S,,R,R,S,S,,R,,,S
ERR435278,5526,11679_5#83,2007,S,S,,R,S,S,S,,S,,,S
ERR434513,88,11657_7#63,2007,S,S,,R,S,S,S,,S,,,S
ERR435436,393,11679_7#49,2007,S,S,,R,S,S,S,,R,,,R
ERR435378,357,11679_6#87,2007,S,S,,R,R,S,S,,S,,,S
ERR435354,14,11679_6#63,2007,S,S,,R,S,S,S,,S,,,S
ERR439620,162,11791_3#88,2007,S,S,,S,S,S,S,,S,,,S
ERR434507,131,11657_7#57,2007,S,S,,R,S,S,S,,R,,,R
ERR435143,131,11679_4#44,2007,S,S,,R,R,S,S,,S,,,S
ERR435340,131,11679_6#49,2007,S,S,,R,S,S,S,,S,,,S
ERR435537,57,11679_8#55,2007,R,R,,R,S,S,R,,S,,,R
ERR435232,95,11679_5#37,2007,S,S,,R,S,S,S,,S,,,S
ERR435538,62,11679_8#56,2007,S,S,,R,S,S,S,,S,,,S
ERR434404,95,11657_6#50,2007,S,S,,R,S,S,S,,S,,,S
ERR434313,73,11657_5#55,2007,S,S,,R,R,S,S,,S,,,S
ERR435144,95,11679_4#45,2007,S,S,,S,S,S,S,,S,,,S
ERR435539,131,11679_8#57,2007,S,S,,R,S,S,S,,S,,,S
ERR434704,416,11658_4#62,2007,S,S,,S,S,S,R,,S,,,S
ERR434405,131,11657_6#51,2007,R,R,,R,S,S,R,,S,,,R
ERR435233,95,11679_5#38,2007,S,S,,S,S,S,S,,S,,,S
ERR434314,95,11657_5#56,2007,S,S,,R,S,S,S,,S,,,S
ERR434711,95,11658_4#69,2007,S,S,,S,S,S,S,,S,,,S
ERR434406,73,11657_6#52,2007,S,S,,R,R,R,S,,S,,,S
ERR435145,12,11679_4#46,2007,S,S,,R,R,R,S,,R,,,S
ERR434315,357,11657_5#57,2007,S,S,,R,S,S,S,,S,,,R
ERR439582,101,11791_3#50,2007,S,S,,R,S,S,S,,R,,,S
ERR435146,429,11679_4#47,2007,S,S,,S,S,S,S,,S,,,S
ERR434587,131,11658_3#41,2007,S,S,,R,R,S,S,,S,,,S
ERR434502,131,11657_7#52,2007,S,S,,R,S,S,S,,S,,,R
ERR435147,95,11679_4#48,2007,S,S,,R,S,S,S,,S,,,S
ERR485893,73,12045_3#60,2007,S,S,,S,S,S,S,,S,,,S
ERR435000,95,11658_7#70,2007,S,S,,R,S,S,S,,S,,,S
ERR434588,131,11658_3#42,2007,S,S,,R,R,S,R,,S,,,R
ERR435234,95,11679_5#39,2007,S,S,,S,S,S,S,,S,,,S
ERR439583,58,11791_3#51,2007,S,S,,R,R,S,S,,S,,,S
ERR435425,372,11679_7#38,2007,S,S,,S,S,S,S,,S,,,S
ERR485898,127,12045_3#65,2007,S,S,,S,S,S,S,,S,,,S
ERR435341,95,11679_6#50,2007,S,S,,S,S,S,S,,S,,,R
ERR434705,405,11658_4#63,2007,R,R,,R,R,S,R,,R,,,R
ERR435166,144,11679_4#67,2007,S,S,,R,S,S,S,,S,,,S
ERR434407,95,11657_6#53,2007,S,S,,S,S,S,S,,S,,,S
ERR435148,73,11679_4#49,2007,S,S,,S,S,S,S,,S,,,S
ERR434503,131,11657_7#53,2007,S,S,,R,R,S,S,,S,,,R
ERR435235,538,11679_5#40,2007,S,S,,S,S,S,S,,S,,,S
ERR439584,117,11791_3#52,2007,S,S,,R,S,S,S,,S,,,S
ERR435236,141,11679_5#41,2007,S,S,,S,S,S,S,,S,,,S
ERR434409,117,11657_6#55,2007,S,S,,S,S,S,S,,S,,,S
ERR434504,131,11657_7#54,2007,S,R,,R,R,S,R,,S,,,R
ERR435426,1972,11679_7#39,2007,S,S,,S,S,S,S,,S,,,S
ERR435541,354,11679_8#59,2007,S,S,,R,S,S,S,,R,,,R
ERR439585,5662,11791_3#53,2007,S,S,,S,S,S,S,,S,,,S
ERR435237,167,11679_5#42,2007,R,R,,R,R,S,R,,R,,,R
ERR439586,69,11791_3#54,2007,S,S,,S,S,S,S,,S,,,S
ERR435568,131,11679_8#86,2007,S,S,,S,S,S,S,,S,,,S
ERR435257,10,11679_5#62,2007,S,S,,S,S,S,S,,S,,,S
ERR435149,393,11679_4#50,2007,S,S,,R,S,S,R,,S,,,R
ERR435427,5360,11679_7#40,2007,S,S,,S,S,S,S,,S,,,S
ERR434506,131,11657_7#56,2007,S,R,,R,S,S,R,,S,,,R
ERR434589,95,11658_3#43,2007,S,S,,R,S,S,R,,S,,,S
ERR435239,131,11679_5#44,2007,S,R,,R,R,S,R,,S,,,R
ERR435542,95,11679_8#60,2007,S,S,,S,S,S,S,,S,,,S
ERR435543,681,11679_8#61,2007,S,S,,R,R,S,S,,S,,,S
ERR435544,127,11679_8#62,2007,S,S,,S,S,S,S,,S,,,S
ERR434316,73,11657_5#58,2007,S,S,,S,S,S,S,,S,,,S
ERR434317,83,11657_5#59,2007,S,S,,R,R,S,S,,S,,,S
ERR435191,131,11679_4#92,2007,R,R,,R,R,S,R,,R,,,R
ERR435545,23,11679_8#63,2007,S,S,,R,R,S,S,,S,,,S
ERR435572,127,11679_8#90,2007,S,S,,R,R,S,S,,S,,,S
ERR439587,443,11791_3#55,2008,S,S,,R,R,R,R,,S,,,R
ERR439588,80,11791_3#56,2008,S,S,,R,R,S,S,,S,,,S
ERR434718,540,11658_4#76,2008,S,S,,R,S,S,S,,S,,,S
ERR435384,131,11679_6#93,2008,S,R,,R,R,S,R,,S,,,R
ERR435343,106,11679_6#52,2008,S,S,,R,R,S,R,,S,,,S
ERR435546,405,11679_8#64,2008,R,R,,R,R,R,R,,R,,,R
ERR439589,12,11791_3#57,2008,S,S,,R,R,S,R,,S,,,S
ERR435567,131,11679_8#85,2008,S,S,,R,R,S,S,,R,,,R
ERR434590,141,11658_3#44,2008,S,S,,S,S,S,S,,S,,,S
ERR434319,131,11657_5#61,2008,R,R,,R,S,S,R,,R,,,R
ERR435004,540,11658_7#74,2008,S,S,,R,R,S,S,,S,,,S
ERR435151,131,11679_4#52,2008,R,R,,R,R,S,R,,S,,,R
ERR434706,95,11658_4#64,2008,S,S,,S,S,S,R,,S,,,S
ERR434719,131,11658_4#77,2008,S,S,,S,S,S,R,,R,,,R
ERR439656,38,11791_6#29,2008,R,R,,R,R,S,R,,R,,,R
ERR435578,73,11679_8#96,2008,S,S,,R,R,R,S,,S,,,S
ERR434508,131,11657_7#58,2008,R,R,,R,R,S,R,,R,,,R
ERR435431,131,11679_7#44,2008,R,R,,R,R,S,R,,R,,,R
ERR434411,10,11657_6#57,2008,S,S,,R,S,S,R,,S,,,S
ERR434509,131,11657_7#59,2008,S,S,,R,R,S,S,,S,,,S
ERR435195,73,11679_4#96,2008,S,S,,R,S,S,S,,S,,,S
ERR435547,349,11679_8#65,2008,S,S,,R,S,S,S,,S,,,S
ERR435240,357,11679_5#45,2008,S,S,,S,S,S,S,,S,,,S
ERR434543,12,11657_7#93,2008,S,S,,R,R,S,S,,S,,,S
ERR435344,12,11679_6#53,2008,S,S,,R,R,S,S,,S,,,S
ERR435449,929,11679_7#62,2008,S,S,,R,R,S,S,,S,,,S
ERR435291,95,11679_5#96,2008,S,S,,R,S,S,S,,S,,,S
ERR435167,80,11679_4#68,2008,S,S,,R,R,S,S,,S,,,S
ERR434528,131,11657_7#78,2008,S,S,,S,S,S,R,,S,,,R
ERR434671,73,11658_4#29,2001,S,,,R,S,S,S,,S,,,S
ERR434973,1288,11658_7#43,2001,S,,,R,S,S,R,,S,,,S
ERR435168,73,11679_4#69,2008,S,S,,S,S,S,S,,S,,,S
ERR434529,352,11657_7#79,2008,S,S,,S,S,S,S,,S,,,S
ERR435346,73,11679_6#55,2008,S,S,,R,R,S,S,,S,,,S
ERR435252,131,11679_5#57,2008,S,S,,R,S,S,S,,S,,,S
ERR439624,131,11791_3#92,2008,S,S,,R,R,S,S,,S,,,S
ERR434517,73,11657_7#67,2008,S,S,,S,S,S,S,,S,,,S
ERR435551,69,11679_8#69,2008,S,S,,R,S,S,S,,S,,,S
ERR434329,59,11657_5#71,2008,S,S,,R,R,S,S,,S,,,S
ERR434421,131,11657_6#67,2008,S,R,,R,R,S,R,,S,,,R
ERR434481,1670,11657_7#31,2001,S,,,S,S,S,S,,S,,,S
ERR434445,131,11657_6#91,2008,S,R,,R,R,S,R,,S,,,R
ERR439700,297,11791_7#37,2001,S,,,S,S,S,S,,R,,,S
ERR434797,144,11658_5#59,2001,S,,,R,S,S,S,,S,,,S
ERR439701,95,11791_7#38,2001,S,,,S,S,S,S,,S,,,S
ERR434892,345,11658_6#58,2001,S,,,S,S,S,S,,S,,,S
ERR434798,5417,11658_5#60,2001,S,,,S,S,S,R,,S,,,S
ERR434352,131,11657_5#94,2008,S,S,,S,S,S,S,,S,,,S
ERR434518,95,11657_7#68,2008,S,S,,R,S,S,S,,S,,,S
ERR435002,10,11658_7#72,2008,S,S,,S,S,S,S,,S,,,S
ERR434422,10,11657_6#68,2008,S,S,,S,S,S,S,,S,,,S
ERR434829,95,11658_5#91,2008,S,S,,S,S,S,S,,S,,,S
ERR434519,73,11657_7#69,2008,S,S,,R,R,R,S,,S,,,S
ERR434605,93,11658_3#59,2008,S,S,,R,S,S,S,,S,,,S
ERR435566,131,11679_8#84,2008,S,S,,R,R,S,S,,S,,,S
ERR435355,5470,11679_6#64,2008,S,S,,R,S,S,S,,S,,,S
ERR435162,95,11679_4#63,2008,S,S,,S,S,S,S,,S,,,S
ERR435430,38,11679_7#43,2008,S,S,,R,R,S,S,,S,,,S
ERR435442,421,11679_7#55,2008,S,S,,S,S,S,S,,S,,,S
ERR485895,144,12045_3#62,2008,S,S,,R,S,S,S,,S,,,S
ERR435356,95,11679_6#65,2008,S,S,,S,S,S,S,,S,,,S
ERR435357,362,11679_6#66,2008,S,S,,S,S,S,S,,S,,,S
ERR435253,106,11679_5#58,2008,S,S,,R,S,S,S,,S,,,S
ERR434606,569,11658_3#60,2008,S,S,,R,S,S,R,,S,,,S
ERR435358,73,11679_6#67,2008,S,S,,R,R,S,R,,S,,,S
ERR435443,58,11679_7#56,2008,S,S,,R,R,S,S,,S,,,S
ERR439610,12,11791_3#78,2008,S,S,,R,R,S,R,,S,,,S
ERR434638,144,11658_3#92,2008,S,S,,R,S,S,S,,S,,,S
ERR435186,69,11679_4#87,2008,S,S,,R,S,S,S,,S,,,S
ERR434712,69,11658_4#70,2008,S,S,,R,R,S,S,,S,,,S
ERR434330,73,11657_5#72,2008,S,S,,R,R,S,S,,S,,,S
ERR435444,95,11679_7#57,2008,S,S,,R,S,S,S,,S,,,S
ERR435359,648,11679_6#68,2008,S,S,,R,R,S,S,,S,,,S
ERR434713,88,11658_4#71,2008,S,S,,R,R,S,S,,S,,,S
ERR439725,73,11791_7#63,2008,S,S,,S,S,S,S,,S,,,S
ERR434521,73,11657_7#71,2008,S,S,,S,S,S,S,,S,,,S
ERR434969,421,11658_7#39,2001,S,,,S,S,S,S,,S,,,S
ERR439654,393,11791_6#27,2008,S,R,,R,S,S,R,,S,,,S
ERR434287,404,11657_5#29,2001,S,,,R,S,S,S,,R,,,S
ERR434288,12,11657_5#30,2001,S,,,R,R,S,S,,S,,,S
ERR434482,80,11657_7#32,2001,S,,,R,S,S,S,,S,,,S
ERR434714,973,11658_4#72,2008,S,S,,R,R,S,S,,R,,,S
ERR434607,141,11658_3#61,2008,S,S,,R,S,S,R,,S,,,S
ERR439613,131,11791_3#81,2008,S,S,,R,S,S,S,,S,,,R
ERR435164,69,11679_4#65,2008,S,S,,R,S,S,S,,S,,,S
ERR435445,131,11679_7#58,2008,S,S,,R,S,S,S,,S,,,R
ERR435285,131,11679_5#90,2008,S,S,,S,S,S,S,,S,,,S
ERR434715,62,11658_4#73,2008,S,S,,S,S,S,S,,S,,,S
ERR435165,131,11679_4#66,2008,S,S,,R,R,S,S,,S,,,R
ERR434331,12,11657_5#73,2008,S,S,,R,S,S,S,,S,,,S
ERR434608,12,11658_3#62,2008,S,S,,R,S,S,S,,S,,,S
ERR439702,10,11791_7#39,2001,S,,,R,S,S,S,,S,,,S
ERR434423,38,11657_6#69,2008,S,S,,R,S,S,S,,S,,,S
ERR435284,372,11679_5#89,2008,S,S,,R,S,S,S,,S,,,S
ERR435446,73,11679_7#59,2008,S,S,,S,S,S,S,,S,,,S
ERR434510,73,11657_7#60,2008,S,S,,S,S,S,S,,S,,,S
ERR435283,127,11679_5#88,2008,S,S,,S,S,S,S,,S,,,S
ERR435153,131,11679_4#54,2008,R,R,,R,R,S,R,,R,,,R
ERR434412,95,11657_6#58,2008,S,S,,R,S,S,S,,S,,,S
ERR434799,1531,11658_5#61,2001,S,,,R,S,S,S,,S,,,S
ERR434635,394,11658_3#89,2008,R,R,,R,R,S,R,,R,,,S
ERR435345,421,11679_6#54,2008,S,S,,S,S,S,S,,S,,,S
ERR435432,5383,11679_7#45,2008,S,S,,R,S,S,S,,S,,,S
ERR434672,393,11658_4#30,2001,S,,,R,R,S,S,,S,,,S
ERR434893,12,11658_6#59,2001,S,,,R,S,S,S,,S,,,S
ERR435241,978,11679_5#46,2008,S,S,,S,S,S,R,,S,,,S
ERR439726,73,11791_7#64,2008,S,S,,R,S,S,S,,S,,,S
ERR434332,538,11657_5#74,2008,S,S,,S,S,S,S,,S,,,S
ERR434925,131,11658_6#91,2008,R,R,,R,R,S,R,,R,,,R
ERR435258,62,11679_5#63,2008,S,S,,R,S,S,S,,S,,,S
ERR435477,69,11679_7#90,2008,S,S,,R,S,S,S,,S,,,S
ERR435447,73,11679_7#60,2008,S,S,,S,S,S,S,,S,,,S
ERR434524,73,11657_7#74,2008,S,S,,S,S,S,S,,S,,,S
ERR434525,393,11657_7#75,2008,S,S,,S,S,S,S,,S,,,S
ERR434610,73,11658_3#64,2008,S,S,,R,R,S,S,,S,,,S
ERR434491,539,11657_7#41,2001,S,,,R,R,S,S,,R,,,R
ERR434673,73,11658_4#31,2001,S,,,S,S,S,S,,S,,,S
ERR434974,636,11658_7#44,2001,S,,,R,R,S,S,,S,,,S
ERR434674,404,11658_4#32,2001,S,,,R,S,S,S,,S,,,S
ERR435255,127,11679_5#60,2009,S,S,,S,S,S,S,,S,,,S
ERR434830,405,11658_5#92,2009,S,S,,R,S,S,S,,S,,,S
ERR439628,12,11791_3#96,2009,S,S,,R,R,R,S,,S,,,S
ERR434523,131,11657_7#73,2009,S,S,,R,S,S,S,,S,,,R
ERR435470,69,11679_7#83,2009,S,S,,R,S,S,S,,R,,,S
ERR434544,2253,11657_7#94,2009,S,S,,R,S,S,S,,S,,,S
ERR435483,12,11679_7#96,2009,S,S,,S,S,S,S,,S,,,S
ERR434926,131,11658_6#92,2009,S,S,,S,S,S,R,,S,,,S
ERR435498,641,11679_8#15,2001,S,,,R,S,S,S,,S,,,S
ERR435361,5639,11679_6#70,2009,S,S,,R,S,S,S,,S,,,S
ERR435569,131,11679_8#87,2009,S,S,,R,S,S,S,,S,,,S
ERR435309,73,11679_6#18,2001,S,,,S,S,S,S,,S,,,S
ERR434975,117,11658_7#45,2001,S,,,R,R,S,S,,S,,,S
ERR439703,73,11791_7#40,2001,S,,,S,S,S,S,,S,,,S
ERR439704,73,11791_7#41,2001,S,,,S,S,S,S,,S,,,S
ERR435061,91,11658_8#58,2001,S,,,S,S,S,S,,S,,,S
ERR434716,131,11658_4#74,2009,R,R,,R,R,S,R,,R,,,R
ERR434642,95,11658_3#96,2009,S,S,,S,S,S,S,,S,,,S
ERR435387,1442,11679_6#96,2009,S,S,,S,S,S,S,,S,,,S
ERR434545,131,11657_7#95,2009,S,S,,R,S,S,S,,S,,,R
ERR435554,127,11679_8#72,2009,S,S,,S,S,S,S,,S,,,S
ERR435003,95,11658_7#73,2009,S,S,,S,S,S,S,,S,,,S
ERR434527,131,11657_7#77,2009,S,S,,R,R,S,S,,R,,,S
ERR435096,131,11658_8#93,2009,R,R,,R,S,S,R,,S,,,R
ERR435552,131,11679_8#70,2009,S,S,,R,R,S,S,,R,,,S
ERR435553,86,11679_8#71,2009,S,S,,R,S,S,S,,S,,,S
ERR435448,648,11679_7#61,2009,S,S,,R,R,R,R,,S,,,S
ERR434546,73,11657_7#96,2009,S,S,,S,S,S,S,,S,,,S
ERR434333,73,11657_5#75,2009,S,S,,S,S,S,S,,S,,,S
ERR439655,12,11791_6#28,2009,S,S,,R,R,S,S,,S,,,S
ERR435451,657,11679_7#64,2009,S,S,,S,S,S,S,,S,,,S
ERR435187,95,11679_4#88,2009,S,S,,S,S,S,S,,S,,,S
ERR439612,69,11791_3#80,2009,S,S,,R,S,S,S,,S,,,S
ERR439611,680,11791_3#79,2009,S,S,,S,S,S,S,,S,,,S
ERR434927,14,11658_6#93,2009,S,S,,S,S,S,S,,S,,,S
ERR434894,12,11658_6#60,2001,S,,,S,S,S,S,,S,,,S
ERR435097,38,11658_8#94,2009,S,S,,R,S,S,R,,S,,,S
ERR434675,767,11658_4#33,2001,S,,,R,S,S,S,,S,,,S
ERR435209,127,11679_5#14,2001,S,,,R,R,S,S,,S,,,S
ERR434522,5604,11657_7#72,2009,S,S,,R,R,S,R,,S,,,S
ERR434353,453,11657_5#95,2009,S,S,,R,R,R,S,,S,,,S
ERR439596,648,11791_3#64,2009,S,S,,R,S,S,S,,S,,,S
ERR434831,2020,11658_5#93,2009,S,S,,R,S,S,S,,S,,,S
ERR434424,409,11657_6#70,2009,S,S,,R,S,S,S,,S,,,S
ERR435450,73,11679_7#63,2009,R,S,,R,R,R,R,,S,,,S
ERR435259,73,11679_5#64,2009,S,S,,S,S,S,S,,S,,,S
ERR434530,127,11657_7#80,2009,S,S,,R,S,S,S,,S,,,S
ERR434717,144,11658_4#75,2009,S,S,,R,R,S,S,,S,,,S
ERR434505,131,11657_7#55,2009,S,S,,R,S,S,S,,R,,,R
ERR434565,5346,11658_3#19,2001,S,,,R,S,S,S,,S,,,S
ERR434410,1262,11657_6#56,2009,S,S,,S,S,S,S,,S,,,S
ERR434634,428,11658_3#88,2009,S,S,,R,R,S,S,,S,,,S
ERR434604,393,11658_3#58,2009,R,R,,R,R,S,R,,S,,,R
ERR435441,131,11679_7#54,2009,R,R,,R,R,S,R,,S,,,R
ERR435429,131,11679_7#42,2009,S,S,,R,R,S,R,,S,,,R
ERR434591,540,11658_3#45,2009,S,S,,R,S,S,S,,S,,,S
ERR439590,131,11791_3#58,2009,S,S,,S,S,S,S,,S,,,S
ERR434334,405,11657_5#76,2009,S,S,,R,R,R,R,,S,,,S
ERR435169,127,11679_4#70,2009,S,S,,S,S,S,S,,S,,,S
ERR435260,73,11679_5#65,2009,S,S,,R,S,S,S,,S,,,S
ERR439658,131,11791_6#32,2009,S,S,,R,R,S,S,,S,,,S
ERR435170,73,11679_4#71,2009,S,S,,R,R,S,S,,S,,,S
ERR434612,73,11658_3#66,2009,S,S,,R,R,S,S,,S,,,S
ERR435006,69,11658_7#76,2009,S,S,,R,R,R,S,,S,,,S
ERR439661,38,11791_6#35,2009,S,S,,R,R,S,R,,S,,,S
ERR439597,69,11791_3#65,2009,S,S,,R,R,S,S,,S,,,S
ERR434340,73,11657_5#82,2009,S,S,,R,R,S,S,,S,,,S
ERR439617,345,11791_3#85,2009,S,S,,R,S,S,S,,S,,,S
ERR434531,405,11657_7#81,2009,S,S,,R,R,S,R,,S,,,S
ERR434613,73,11658_3#67,2009,S,S,,S,S,S,R,,S,,,S
ERR435471,69,11679_7#84,2009,S,S,,S,S,S,R,,S,,,S
ERR434541,2307,11657_7#91,2009,S,S,,R,S,S,S,,S,,,S
ERR435452,88,11679_7#65,2009,S,S,,S,S,S,S,,S,,,S
ERR435453,80,11679_7#66,2009,S,S,,R,R,S,S,,S,,,S
ERR434425,95,11657_6#71,2009,S,S,,R,S,S,S,,S,,,S
ERR435362,162,11679_6#71,2009,S,S,,S,S,S,S,,S,,,S
ERR434720,10,11658_4#78,2009,S,S,,S,S,S,S,,S,,,S
ERR439616,404,11791_3#84,2009,S,S,,S,S,S,S,,S,,,S
ERR435363,88,11679_6#72,2009,R,R,,R,R,S,R,,S,,,S
ERR434475,73,11657_7#25,2001,S,,,R,R,S,S,,S,,,S
ERR434721,73,11658_4#79,2009,S,S,,R,S,S,S,,S,,,S
ERR439705,5082,11791_7#42,2002,S,S,,R,R,S,R,,S,,,S
ERR434676,95,11658_4#34,2002,S,S,,S,S,S,S,,S,,,S
ERR439539,73,11791_3#7,2002,S,S,,S,S,S,S,,S,,,S
ERR435005,59,11658_7#75,2009,S,S,,R,S,S,S,,S,,,S
ERR439657,131,11791_6#30,2009,S,S,,R,R,S,R,,S,,,R
ERR434614,69,11658_3#68,2009,S,S,,S,S,S,S,,S,,,S
ERR435454,5328,11679_7#67,2009,S,S,,S,S,S,S,,S,,,S
ERR434335,676,11657_5#77,2009,S,S,,S,S,S,S,,S,,,S
ERR439615,393,11791_3#83,2009,S,S,,S,S,S,S,,S,,,R
ERR434722,131,11658_4#80,2009,S,R,,R,R,S,R,,S,,,R
ERR435288,69,11679_5#93,2009,S,S,,S,S,S,R,,S,,,S
ERR434429,415,11657_6#75,2009,S,S,,S,S,S,S,,S,,,S
ERR434976,12,11658_7#46,2002,S,S,,S,S,S,S,,S,,,S
ERR439625,10,11791_3#93,2009,S,S,,R,R,S,R,,S,,,S
ERR435225,10,11679_5#30,2002,S,S,,S,S,S,S,,S,,,S
ERR434615,394,11658_3#69,2009,S,S,,R,S,S,S,,S,,,S
ERR434426,131,11657_6#72,2009,S,S,,R,R,S,S,,S,,,S
ERR434449,95,11657_6#95,2009,S,S,,S,S,S,S,,S,,,S
ERR435455,12,11679_7#68,2009,S,S,,S,S,S,S,,S,,,S
ERR435261,69,11679_5#66,2009,S,S,,R,R,S,S,,S,,,S
ERR435171,95,11679_4#72,2009,S,S,,R,S,S,R,,S,,,S
ERR434723,131,11658_4#81,2009,R,R,,R,R,S,R,,S,,,R
ERR434532,80,11657_7#82,2009,S,S,,R,R,S,R,,S,,,S
ERR435262,117,11679_5#67,2009,S,S,,R,S,S,S,,S,,,S
ERR434895,393,11658_6#61,2002,S,S,,S,S,S,S,,S,,,S
ERR439727,73,11791_7#65,2009,S,S,,R,R,S,S,,S,,,S
ERR434977,73,11658_7#47,2002,S,S,,R,R,R,S,,S,,,S
ERR434289,12,11657_5#31,2002,S,S,,R,S,S,R,,S,,,S
ERR435456,141,11679_7#69,2009,S,S,,S,S,S,S,,S,,,S
ERR435193,73,11679_4#94,2009,S,S,,R,R,S,S,,S,,,S
ERR435099,10,11658_8#96,2009,S,S,,R,S,S,S,,S,,,S
ERR435013,349,11658_7#83,2009,S,S,,R,S,S,S,,S,,,S
ERR434832,69,11658_5#94,2009,S,S,,R,R,S,S,,S,,,S
ERR434731,357,11658_4#89,2009,S,S,,S,S,S,S,,S,,,S
ERR435007,12,11658_7#77,2009,S,S,,R,S,S,S,,S,,,S
ERR434341,73,11657_5#83,2009,S,S,,S,S,S,S,,S,,,S
ERR434427,73,11657_6#73,2009,S,S,,S,S,S,S,,S,,,S
ERR434476,73,11657_7#26,2001,S,,,S,S,S,S,,S,,,S
ERR434814,73,11658_5#76,2002,S,S,,S,S,S,S,,S,,,S
ERR434533,12,11657_7#83,2009,S,S,,R,S,S,R,,S,,,S
ERR435310,967,11679_6#19,2001,S,,,S,S,S,S,,S,,,S
ERR434928,73,11658_6#94,2010,S,S,,S,S,S,S,,S,,,S
ERR439729,12,11791_7#67,2010,S,S,,R,S,S,R,,S,,,S
ERR434616,131,11658_3#70,2010,S,S,,S,S,S,S,,S,,,S
ERR435555,117,11679_8#73,2010,S,S,,R,S,S,S,,S,,,S
ERR434724,12,11658_4#82,2010,S,S,,R,R,S,S,,S,,,S
ERR435478,95,11679_7#91,2010,S,S,,S,S,S,S,,S,,,S
ERR434437,1972,11657_6#83,2010,S,S,,S,S,S,R,,S,,,S
ERR435482,641,11679_7#95,2010,R,R,,R,R,S,R,,S,,,S
ERR434428,12,11657_6#74,2010,S,S,,S,S,S,S,,S,,,S
ERR434734,1394,11658_4#92,2010,S,S,,R,R,S,S,,S,,,R
ERR434725,144,11658_4#83,2010,S,S,,R,S,S,S,,S,,,S
ERR434631,73,11658_3#85,2010,S,S,,R,R,S,S,,S,,,S
ERR435364,58,11679_6#73,2010,S,S,,R,S,S,S,,S,,,S
ERR434617,73,11658_3#71,2010,S,S,,S,S,S,S,,S,,,S
ERR434726,141,11658_4#84,2010,S,S,,S,S,S,S,,S,,,S
ERR435172,69,11679_4#73,2010,S,S,,R,R,R,S,,S,,,S
ERR435263,5491,11679_5#68,2010,R,R,,R,R,S,R,,R,,,R
ERR439614,10,11791_3#82,2010,S,S,,S,S,S,S,,S,,,S
ERR434727,131,11658_4#85,2010,S,S,,R,S,S,S,,R,,,R
ERR434336,73,11657_5#78,2010,S,S,,R,R,S,R,,S,,,S
ERR435556,131,11679_8#74,2010,S,S,,S,S,S,S,,S,,,S
ERR439659,393,11791_6#33,2010,S,S,,R,S,S,S,,R,,,R
ERR435008,131,11658_7#78,2010,S,R,,R,R,R,R,,S,,,R
ERR434337,95,11657_5#79,2010,S,S,,R,R,S,S,,S,,,S
ERR434618,69,11658_3#72,2010,S,S,,R,S,S,S,,S,,,S
ERR435268,14,11679_5#73,2010,S,S,,R,S,S,S,,S,,,S
ERR435401,405,11679_7#14,2001,S,,,R,S,S,S,,S,,,S
ERR434434,1618,11657_6#80,2010,S,S,,S,S,S,S,,S,,,S
ERR434728,59,11658_4#86,2010,S,S,,S,S,S,S,,S,,,S
ERR434833,141,11658_5#95,2010,S,S,,S,S,S,S,,S,,,S
ERR435009,14,11658_7#79,2010,S,S,,S,S,S,S,,S,,,S
ERR435264,415,11679_5#69,2010,S,S,,S,R,S,S,,S,,,S
ERR435269,62,11679_5#74,2010,S,S,,S,S,S,S,,S,,,S
ERR435457,131,11679_7#70,2010,S,S,,R,R,S,R,,S,,,R
ERR434430,404,11657_6#76,2010,S,S,,S,S,S,S,,S,,,S
ERR435458,104,11679_7#71,2010,S,S,,S,S,S,R,,S,,,S
ERR435177,62,11679_4#78,2010,S,S,,S,S,S,S,,S,,,S
ERR434431,12,11657_6#77,2010,S,S,,S,S,S,S,,S,,,S
ERR434621,73,11658_3#75,2010,S,S,,S,S,S,S,,S,,,S
ERR434534,12,11657_7#84,2010,S,S,,R,S,S,S,,S,,,S
ERR435010,38,11658_7#80,2010,S,S,,R,R,S,S,,S,,,S
ERR439621,73,11791_3#89,2010,S,S,,R,R,S,S,,S,,,S
ERR435557,90,11679_8#75,2010,S,S,,R,R,S,S,,S,,,R
ERR434338,131,11657_5#80,2010,S,S,,R,R,S,R,,R,,,R
ERR435265,12,11679_5#70,2010,S,S,,S,S,S,S,,S,,,S
ERR434619,537,11658_3#73,2010,S,S,,S,S,S,R,,S,,,S
ERR435173,80,11679_4#74,2010,S,S,,R,R,S,S,,S,,,S
ERR435175,446,11679_4#76,2010,S,S,,R,S,S,S,,S,,,S
ERR434535,453,11657_7#85,2010,S,S,,R,S,S,S,,S,,,S
ERR434380,73,11657_6#26,2001,S,,,R,S,S,S,,S,,,S
ERR434620,131,11658_3#74,2010,S,S,,R,R,R,R,,S,,,R
ERR434339,357,11657_5#81,2010,S,S,,S,S,S,S,,S,,,S
ERR435459,74,11679_7#72,2010,S,S,,S,S,S,S,,S,,,S
ERR434450,131,11657_6#96,2010,S,S,,R,S,S,R,,R,,,S
ERR435011,95,11658_7#81,2010,S,S,,S,S,S,S,,S,,,S
ERR435266,998,11679_5#71,2010,S,S,,R,S,S,S,,S,,,S
ERR435267,80,11679_5#72,2010,S,S,,R,S,S,S,,S,,,S
ERR434896,73,11658_6#62,2002,S,S,,S,S,S,S,,S,,,S
ERR434729,2914,11658_4#87,2010,S,S,,R,S,S,S,,S,,,S
ERR439660,404,11791_6#34,2010,S,S,,R,S,S,S,,S,,,S
ERR434929,73,11658_6#95,2010,S,S,,R,S,S,S,,S,,,S
ERR434978,95,11658_7#48,2002,S,S,,S,S,S,S,,S,,,S
ERR434290,5476,11657_5#32,2002,S,S,,R,S,S,S,,R,,,R
ERR434536,5661,11657_7#86,2010,S,S,,R,S,S,S,,S,,,S
ERR434730,117,11658_4#88,2010,S,S,,R,S,S,S,,S,,,S
ERR435098,12,11658_8#95,2010,S,S,,R,S,S,S,,S,,,S
ERR435570,12,11679_8#88,2010,S,S,,R,S,S,S,,S,,,S
ERR435365,95,11679_6#74,2010,S,S,,R,S,S,S,,S,,,S
ERR435174,73,11679_4#75,2010,S,S,,R,R,S,S,,S,,,S
ERR435367,127,11679_6#76,2010,S,S,,S,S,S,S,,S,,,S
ERR435499,95,11679_8#16,2002,S,S,,R,S,S,S,,S,,,S
ERR435012,73,11658_7#82,2010,S,S,,S,S,S,S,,S,,,S
ERR434432,73,11657_6#78,2010,S,S,,R,R,S,R,,S,,,S
ERR434433,73,11657_6#79,2010,S,S,,S,S,S,S,,S,,,S
ERR434677,393,11658_4#35,2002,S,S,,R,R,S,S,,S,,,R
ERR434291,10,11657_5#33,2002,S,S,,S,S,S,S,,S,,,S
ERR435062,73,11658_8#59,2002,S,S,,S,S,S,S,,S,,,S
ERR434385,354,11657_6#31,2002,S,S,,S,S,S,S,,R,,,R
ERR434566,95,11658_3#20,2001,S,,,S,S,S,S,,S,,,S
ERR434678,73,11658_4#36,2002,S,S,,S,S,S,S,,S,,,S
ERR434905,12,11658_6#71,2002,S,S,,R,R,S,S,,S,,,S
ERR435559,80,11679_8#77,2010,S,S,,S,S,S,S,,S,,,S
ERR439639,363,11791_6#12,2002,S,S,,R,R,S,S,,S,,,S
ERR435379,127,11679_6#88,2010,S,S,,R,R,S,S,,S,,,S
ERR434342,95,11657_5#84,2010,S,S,,S,S,S,S,,S,,,S
ERR435176,95,11679_4#77,2010,S,S,,R,R,R,S,,S,,,S
ERR434622,14,11658_3#76,2010,S,S,,R,S,S,S,,S,,,S
ERR435366,69,11679_6#75,2010,S,S,,R,S,S,S,,S,,,S
ERR435558,69,11679_8#76,2010,S,S,,R,S,S,R,,S,,,S
ERR435270,127,11679_5#75,2010,S,S,,R,S,S,S,,S,,,S
ERR439728,167,11791_7#66,2010,S,S,,R,R,R,S,,R,,,R
ERR439540,95,11791_3#8,2002,S,S,,S,S,S,S,,S,,,S
ERR434292,641,11657_5#34,2002,S,S,,R,R,S,S,,S,,,R
ERR434800,12,11658_5#62,2002,S,S,,S,S,S,S,,S,,,S
ERR434293,106,11657_5#35,2002,S,S,,R,S,S,S,,S,,,S
ERR434801,711,11658_5#63,2002,S,S,,R,R,S,S,,S,,,S
ERR434679,95,11658_4#37,2002,S,S,,R,S,S,S,,S,,,S
ERR435287,393,11679_5#92,2010,S,S,,R,R,S,S,,S,,,R
ERR434537,88,11657_7#87,2010,S,S,,R,R,S,S,,S,,,S
ERR435460,538,11679_7#73,2010,S,S,,S,S,S,S,,S,,,S
ERR439640,12,11791_6#13,2002,S,S,,R,S,S,S,,S,,,S
ERR435461,73,11679_7#74,2010,S,S,,R,S,S,S,,S,,,S
ERR434343,1423,11657_5#85,2010,S,S,,R,S,S,S,,S,,,S
ERR435368,127,11679_6#77,2010,S,S,,R,S,S,S,,S,,,S
ERR434435,73,11657_6#81,2010,S,S,,S,S,S,S,,S,,,S
ERR435462,117,11679_7#75,2010,S,S,,R,R,S,S,,S,,,S
ERR435369,91,11679_6#78,2010,S,S,,R,R,S,S,,S,,,S
ERR434623,3290,11658_3#77,2010,S,S,,R,S,S,S,,S,,,S
ERR434567,14,11658_3#21,2001,S,,,S,S,S,S,,S,,,S
ERR439641,405,11791_6#14,2002,S,S,,R,R,S,R,,S,,,R
ERR435121,88,11679_4#22,2002,S,S,,R,R,S,S,,S,,,S
ERR434436,95,11657_6#82,2011,S,S,,R,S,S,S,,S,,,S
ERR435463,83,11679_7#76,2011,S,S,,R,S,S,S,,S,,,S
ERR434624,38,11658_3#78,2011,S,S,,R,S,S,S,,R,,,S
ERR434344,73,11657_5#86,2011,S,S,,S,S,S,S,,S,,,S
ERR439664,38,11791_6#38,2011,S,S,,S,S,S,S,,S,,,S
ERR434625,73,11658_3#79,2011,S,S,,S,S,S,S,,S,,,S
ERR435473,131,11679_7#86,2011,S,S,,S,S,S,S,,S,,,S
ERR435573,141,11679_8#91,2011,S,S,,S,S,S,S,,S,,,S
ERR435464,405,11679_7#77,2011,S,S,,R,R,S,S,,R,,,R
ERR435500,12,11679_8#17,2002,S,S,,S,S,S,S,,S,,,S
ERR435280,59,11679_5#85,2011,S,S,,S,S,S,S,,S,,,S
ERR485892,393,12045_3#59,2002,S,S,,R,R,S,R,,S,,,R
ERR434802,399,11658_5#64,2002,S,S,,S,S,S,S,,S,,,S
ERR439541,5519,11791_3#9,2002,S,S,,S,S,S,S,,S,,,S
ERR434979,95,11658_7#49,2002,S,S,,S,S,S,S,,S,,,S
ERR434345,73,11657_5#87,2011,S,S,,S,S,S,S,,S,,,S
ERR434438,69,11657_6#84,2011,S,S,,S,S,S,S,,S,,,S
ERR435286,95,11679_5#91,2011,S,S,,R,S,S,S,,S,,,S
ERR434386,550,11657_6#32,2002,S,S,,S,R,R,S,,S,,,S
ERR435271,69,11679_5#76,2011,S,S,,R,S,S,S,,S,,,R
ERR434346,95,11657_5#88,2011,S,S,,R,S,S,S,,S,,,S
ERR435014,95,11658_7#84,2011,S,S,,R,S,S,S,,S,,,S
ERR435574,648,11679_8#92,2011,S,S,,R,S,S,S,,S,,,R
ERR435279,95,11679_5#84,2011,S,S,,R,S,S,S,,S,,,S
ERR434347,131,11657_5#89,2011,R,R,,R,R,S,R,,S,,,R
ERR434348,10,11657_5#90,2011,S,S,,S,S,S,S,,S,,,S
ERR435527,1486,11679_8#44,2002,S,S,,S,S,S,S,,S,,,S
ERR435178,12,11679_4#79,2011,S,S,,R,S,S,S,,S,,,S
ERR434626,12,11658_3#80,2011,S,S,,R,S,S,S,,S,,,S
ERR434538,95,11657_7#88,2011,S,S,,S,S,S,S,,S,,,S
ERR435179,127,11679_4#80,2011,S,S,,S,S,S,S,,S,,,S
ERR435480,131,11679_7#93,2011,S,S,,S,S,S,S,,S,,,R
ERR439730,567,11791_7#68,2011,S,S,,S,S,S,S,,S,,,S
ERR435015,617,11658_7#85,2011,R,R,,R,R,S,R,,R,,,R
ERR434349,372,11657_5#91,2011,S,S,,S,S,S,S,,S,,,S
ERR435194,131,11679_4#95,2011,R,R,,R,R,S,R,,R,,,R
ERR435501,73,11679_8#18,2002,S,S,,S,S,S,S,,S,,,S
ERR435016,131,11658_7#86,2011,S,R,,R,S,S,R,,S,,,R
ERR435212,73,11679_5#17,2002,S,S,,R,R,R,R,,S,,,S
ERR435122,393,11679_4#23,2002,S,S,,R,R,R,S,,S,,,R
ERR439626,394,11791_3#94,2011,S,S,,S,S,S,S,,S,,,S
ERR434627,73,11658_3#81,2011,S,S,,S,S,S,S,,S,,,S
ERR434540,95,11657_7#90,2011,S,S,,S,S,S,S,,S,,,S
ERR439662,95,11791_6#36,2011,S,S,,R,R,S,S,,S,,,S
ERR435560,73,11679_8#78,2011,S,S,,S,S,S,S,,S,,,S
ERR435561,69,11679_8#79,2011,S,S,,R,S,S,S,,S,,,S
ERR435479,405,11679_7#92,2011,S,S,,S,S,S,S,,S,,,S
ERR435272,131,11679_5#77,2011,S,S,,R,R,S,S,,S,,,S
ERR435575,141,11679_8#93,2011,S,S,,S,S,S,S,,S,,,S
ERR434628,73,11658_3#82,2011,S,S,,S,S,S,S,,S,,,S
ERR439642,73,11791_6#15,2002,S,S,,S,S,S,S,,S,,,S
ERR434483,73,11657_7#33,2002,S,S,,R,S,S,S,,S,,,S
ERR439542,357,11791_3#10,2002,S,S,,S,S,S,S,,S,,,S
ERR434680,127,11658_4#38,2002,S,S,,R,R,S,S,,S,,,S
ERR434294,452,11657_5#36,2002,S,S,,S,S,S,S,,S,,,S
ERR435472,131,11679_7#85,2011,S,S,,S,S,S,S,,S,,,S
ERR435562,88,11679_8#80,2011,S,S,,R,R,S,R,,S,,,S
ERR434732,73,11658_4#90,2011,S,S,,R,S,S,S,,S,,,S
ERR435465,127,11679_7#78,2011,S,S,,S,S,S,S,,S,,,S
ERR435370,69,11679_6#79,2011,S,S,,R,S,S,S,,S,,,S
ERR435017,73,11658_7#87,2011,S,S,,S,S,S,S,,S,,,S
ERR435018,421,11658_7#88,2011,S,S,,S,S,S,S,,S,,,S
ERR434295,5461,11657_5#37,2002,S,S,,S,S,S,S,,S,,,S
ERR439598,69,11791_3#66,2011,S,S,,R,S,S,S,,S,,,S
ERR434350,131,11657_5#92,2011,S,S,,R,R,S,S,,S,,,S
ERR435290,69,11679_5#95,2011,S,S,,R,S,S,S,,S,,,S
ERR435495,12,11679_8#12,2001,S,,,S,S,S,S,,S,,,S
ERR435329,73,11679_6#38,2002,S,S,,R,S,S,S,,S,,,S
ERR434354,95,11657_5#96,2011,S,S,,S,S,S,S,,S,,,S
ERR434629,73,11658_3#83,2011,S,S,,S,S,S,S,,S,,,S
ERR435289,131,11679_5#94,2011,R,R,,R,R,S,R,,R,,,R
ERR435019,95,11658_7#89,2011,S,S,,R,S,S,S,,S,,,S
ERR435371,410,11679_6#80,2011,S,S,,S,S,S,S,,S,,,S
ERR435466,73,11679_7#79,2011,S,S,,R,R,S,S,,S,,,S
ERR434733,95,11658_4#91,2011,S,S,,S,S,S,S,,S,,,S
ERR434630,10,11658_3#84,2011,S,S,,S,S,S,S,,S,,,R
ERR434439,95,11657_6#85,2011,S,S,,R,S,S,S,,S,,,S
ERR435385,131,11679_6#94,2011,R,R,,R,R,S,R,,R,,,R
ERR439618,95,11791_3#86,2011,S,S,,S,S,S,S,,S,,,S
ERR435380,62,11679_6#89,2011,S,S,,R,R,S,S,,S,,,S
ERR435386,131,11679_6#95,2011,S,R,,R,R,S,R,,S,,,R
ERR435020,131,11658_7#90,2011,S,S,,R,R,S,S,,S,,,R
ERR439731,973,11791_7#69,2011,S,S,,S,S,S,S,,S,,,S
ERR435577,38,11679_8#95,2011,S,S,,R,R,S,S,,S,,,S
ERR439665,73,11791_6#39,2011,S,S,,S,S,S,S,,S,,,S
ERR435189,95,11679_4#90,2011,S,S,,R,S,S,S,,S,,,S
ERR435281,95,11679_5#86,2011,S,S,,R,S,S,S,,S,,,S
ERR439663,131,11791_6#37,2011,S,S,,R,S,S,S,,R,,,R
ERR435467,73,11679_7#80,2011,S,S,,S,S,S,S,,S,,,S
ERR434737,73,11658_4#95,2011,S,S,,S,S,S,S,,S,,,S
ERR435021,58,11658_7#91,2011,S,S,,S,S,S,S,,S,,,S
ERR434640,131,11658_3#94,2011,R,R,,R,R,S,R,,R,,,R
ERR434440,95,11657_6#86,2011,S,S,,R,S,S,S,,S,,,S
ERR435180,372,11679_4#81,2011,S,S,,R,S,S,S,,S,,,S
ERR434639,73,11658_3#93,2011,S,S,,S,S,S,S,,S,,,S
ERR435188,131,11679_4#89,2011,R,R,,R,R,S,R,,S,,,R
ERR435372,73,11679_6#81,2011,S,S,,R,S,S,S,,S,,,S
ERR435022,73,11658_7#92,2011,S,S,,R,R,S,S,,S,,,S
ERR434381,14,11657_6#27,2001,S,,,R,R,S,S,,S,,,S
ERR435181,1618,11679_4#82,2011,S,S,,S,S,S,S,,S,,,S
ERR435023,131,11658_7#93,2011,R,R,,R,R,S,R,,S,,,R
ERR434351,58,11657_5#93,2011,S,S,,S,S,S,S,,S,,,S
ERR435024,398,11658_7#94,2011,S,S,,S,S,S,S,,S,,,S
ERR434834,12,11658_5#96,2011,S,S,,R,R,S,S,,S,,,S
ERR435273,88,11679_5#78,2011,S,S,,R,S,S,S,,S,,,S
ERR435468,10,11679_7#81,2011,S,S,,S,S,S,S,,S,,,S
ERR435576,10,11679_8#94,2011,S,S,,R,R,S,R,,S,,,S
ERR435182,73,11679_4#83,2011,S,S,,R,S,S,S,,S,,,S
ERR435025,73,11658_7#95,2011,S,S,,S,S,S,S,,S,,,S
ERR435402,14,11679_7#15,2001,S,,,R,S,S,S,,S,,,S
ERR435313,73,11679_6#22,2002,S,S,,R,S,S,S,,S,,,S
ERR434484,5363,11657_7#34,2002,S,S,,S,S,S,S,,S,,,S
ERR439643,59,11791_6#16,2002,S,S,,S,S,S,S,,S,,,S
ERR439543,91,11791_3#11,2002,S,S,,S,S,S,S,,S,,,S
ERR434803,372,11658_5#65,2002,S,S,,S,S,S,S,,S,,,S
ERR435474,131,11679_7#87,2011,S,S,,S,S,S,S,,S,,,S
ERR434815,393,11658_5#77,2002,S,S,,R,R,R,S,,S,,,S
ERR434441,73,11657_6#87,2011,S,S,,R,S,S,S,,S,,,S
ERR435481,73,11679_7#94,2011,S,S,,S,S,S,S,,S,,,S
ERR435274,998,11679_5#79,2011,S,S,,R,S,S,S,,S,,,S
ERR435183,538,11679_4#84,2011,S,S,,S,S,S,S,,S,,,S
ERR434735,450,11658_4#93,2011,S,S,,R,S,S,S,,R,,,S
ERR435026,48,11658_7#96,2011,S,S,,S,S,S,S,,S,,,R
ERR434930,448,11658_6#96,2011,R,S,,R,R,S,R,,S,,,R
ERR435373,69,11679_6#82,2011,S,S,,S,S,S,S,,S,,,S
ERR434542,973,11657_7#92,2011,S,S,,R,R,S,S,,S,,,S
ERR435502,963,11679_8#19,2002,S,S,,S,S,S,S,,S,,,S
ERR485891,69,12045_3#58,2002,S,S,,R,R,S,R,,S,,,S
ERR434296,59,11657_5#38,2002,S,S,,R,S,S,S,,S,,,S
ERR434971,10,11658_7#41,2001,S,,,R,S,S,S,,S,,,S
ERR434906,428,11658_6#72,2002,S,S,,R,S,S,S,,S,,,S
ERR435496,681,11679_8#13,2001,S,,,S,S,S,S,,S,,,S
ERR435123,59,11679_4#24,2002,S,S,,S,S,S,S,,S,,,S
ERR435314,73,11679_6#23,2002,S,S,,R,S,S,S,,S,,,S
ERR434681,14,11658_4#39,2002,S,S,,R,S,S,S,,S,,,S
ERR434980,73,11658_7#50,2002,S,S,,R,R,S,S,,S,,,S
ERR434897,5630,11658_6#63,2002,S,S,,R,R,S,S,,S,,,S
ERR434981,366,11658_7#51,2002,S,S,,R,S,S,S,,S,,,S
ERR435072,95,11658_8#69,2002,S,S,,R,S,S,S,,S,,,S
ERR439706,73,11791_7#44,2002,S,S,,R,S,S,S,,S,,,S
ERR485899,95,12045_3#66,2002,S,S,,R,R,S,S,,S,,,S
ERR434972,95,11658_7#42,2001,S,,,R,S,S,R,,S,,,S
ERR434819,144,11658_5#81,2002,R,R,,R,S,S,S,,S,,,S
ERR485900,73,12045_3#67,2002,S,S,,S,S,S,S,,S,,,S
ERR435414,141,11679_7#27,2002,S,S,,S,S,S,R,,S,,,S
ERR434989,2230,11658_7#59,2002,R,R,,R,R,S,R,,S,,,S
ERR435516,2230,11679_8#33,2002,R,R,,R,R,S,R,,S,,,S
ERR434387,59,11657_6#33,2002,S,S,,R,S,S,S,,S,,,S
ERR435503,83,11679_8#20,2002,S,S,,R,S,S,S,,S,,,S
ERR435213,73,11679_5#18,2002,S,S,,R,R,S,S,,S,,,S
ERR434388,38,11657_6#34,2002,S,S,,R,R,S,S,,S,,,S
ERR435124,73,11679_4#25,2002,S,S,,R,R,S,S,,S,,,S
ERR435504,73,11679_8#21,2002,S,S,,R,S,S,S,,S,,,S
ERR434389,79,11657_6#35,2002,S,S,,R,S,S,S,,S,,,S
ERR435315,618,11679_6#24,2002,S,S,,R,S,S,S,,S,,,S
ERR435316,88,11679_6#25,2002,S,S,,R,S,S,S,,S,,,S
ERR434571,117,11658_3#25,2002,S,S,,R,R,S,S,,S,,,S
ERR435408,73,11679_7#21,2002,S,S,,R,R,S,S,,S,,,S
ERR439544,73,11791_3#12,2002,S,S,,S,S,S,S,,S,,,S
ERR434572,73,11658_3#26,2002,S,S,,R,S,S,S,,S,,,S
ERR439545,58,11791_3#13,2002,S,S,,R,S,S,S,,S,,,S
ERR435317,95,11679_6#26,2002,S,S,,S,S,S,S,,S,,,S
ERR435214,73,11679_5#19,2002,S,S,,R,S,S,S,,S,,,S
ERR434573,73,11658_3#27,2002,S,S,,R,R,S,S,,R,,,S
ERR435505,420,11679_8#22,2002,S,S,,R,S,S,S,,S,,,S
ERR435215,141,11679_5#20,2002,S,S,,S,S,S,S,,S,,,S
ERR439546,88,11791_3#14,2002,S,S,,R,S,S,S,,S,,,S
ERR435409,73,11679_7#22,2002,S,S,,R,R,S,S,,S,,,S
ERR435216,12,11679_5#21,2002,R,R,,R,R,S,R,,S,,,S
ERR434574,38,11658_3#28,2002,S,S,,R,S,S,S,,S,,,S
ERR435069,38,11658_8#66,2002,S,S,,R,S,S,S,,S,,,S
ERR434682,73,11658_4#40,2002,S,S,,S,S,S,S,,S,,,S
ERR439644,141,11791_6#17,2002,S,S,,S,S,S,S,,S,,,S
ERR439547,1001,11791_3#15,2002,S,S,,S,S,S,S,,S,,,S
ERR439548,106,11791_3#16,2002,S,S,,S,S,S,R,,S,,,S
ERR435506,1155,11679_8#23,2002,S,S,,S,S,S,S,,S,,,S
ERR435217,59,11679_5#22,2002,S,S,,R,S,S,S,,S,,,S
ERR435218,59,11679_5#23,2002,S,S,,R,S,S,S,,S,,,S
ERR439549,420,11791_3#17,2002,S,S,,R,S,S,S,,S,,,S
ERR435507,127,11679_8#24,2002,S,S,,S,S,S,S,,S,,,S
ERR435508,141,11679_8#25,2002,S,S,,S,S,S,S,,S,,,S
ERR435410,691,11679_7#23,2002,S,S,,S,S,S,S,,S,,,S
ERR435411,405,11679_7#24,2002,S,S,,R,S,S,S,,R,,,R
ERR434390,95,11657_6#36,2003,S,S,,S,S,S,S,,S,,,S
ERR435509,369,11679_8#26,2003,S,S,,R,S,S,S,,S,,,S
ERR434575,73,11658_3#29,2003,S,S,,R,R,S,S,,S,,,S
ERR435510,12,11679_8#27,2003,S,S,,R,S,S,S,,S,,,S
ERR435318,95,11679_6#27,2003,S,S,,R,S,S,S,,S,,,S
ERR439550,141,11791_3#18,2003,S,S,,R,S,S,S,,S,,,S
ERR435511,10,11679_8#28,2003,S,S,,R,S,S,S,,S,,,S
ERR435184,73,11679_4#85,2003,S,S,,R,S,S,S,,S,,,S
ERR439551,69,11791_3#19,2003,S,S,,R,S,S,S,,S,,,S
ERR435512,48,11679_8#29,2003,S,S,,S,S,S,S,,S,,,S
ERR434576,95,11658_3#30,2003,S,S,,S,S,S,S,,S,,,S
ERR439552,12,11791_3#20,2003,S,S,,R,R,S,S,,S,,,S
ERR435125,73,11679_4#26,2003,S,S,,S,S,S,S,,S,,,S
ERR435319,73,11679_6#28,2003,S,S,,R,R,S,S,,S,,,S
ERR439553,73,11791_3#21,2003,S,S,,R,R,R,R,,S,,,S
ERR439554,62,11791_3#22,2003,S,S,,R,R,S,S,,S,,,S
ERR439555,62,11791_3#23,2003,S,S,,R,S,S,S,,S,,,S
ERR434485,10,11657_7#35,2003,S,S,,S,S,S,S,,S,,,S
ERR435320,95,11679_6#29,2003,S,S,,S,S,S,S,,S,,,S
ERR435513,537,11679_8#30,2003,S,S,,S,S,S,S,,S,,,S
ERR435219,62,11679_5#24,2003,S,S,,S,S,S,S,,S,,,S
ERR435413,131,11679_7#26,2003,S,S,,R,R,S,S,,S,,,S
ERR435514,363,11679_8#31,2003,S,S,,R,S,S,S,,S,,,S
ERR439556,73,11791_3#24,2003,S,S,,R,R,R,S,,S,,,S
ERR439557,4260,11791_3#25,2003,S,S,,R,S,S,S,,S,,,S
ERR434486,62,11657_7#36,2003,S,S,,S,S,S,S,,S,,,S
ERR439558,131,11791_3#26,2003,S,S,,R,R,R,R,,S,,,S
ERR439645,2253,11791_6#18,2003,S,S,,R,S,S,S,,R,,,S
ERR435321,131,11679_6#30,2003,S,S,,R,S,S,S,,S,,,S
ERR435070,38,11658_8#67,2003,S,S,,R,S,S,S,,S,,,S
ERR435322,2494,11679_6#31,2003,S,S,,R,S,S,S,,S,,,S
ERR439559,80,11791_3#27,2003,S,S,,S,S,S,S,,S,,,S
ERR434391,131,11657_6#37,2003,S,S,,R,S,S,R,,S,,,R
ERR435126,1394,11679_4#27,2003,S,S,,R,R,S,S,,S,,,R
ERR435071,167,11658_8#68,2003,S,S,,R,S,S,S,,S,,,R
ERR439717,131,11791_7#55,2003,R,R,,R,R,R,R,,S,,,R
ERR434816,38,11658_5#78,2003,S,S,,R,R,S,R,,S,,,S
ERR434817,73,11658_5#79,2003,S,S,,S,S,S,S,,S,,,S
ERR434992,73,11658_7#62,2003,S,S,,S,S,S,S,,S,,,S
ERR435128,79,11679_4#29,2003,S,S,,R,R,S,S,,S,,,S
ERR435073,62,11658_8#70,2003,S,S,,R,S,S,S,,S,,,S
ERR434818,69,11658_5#80,2003,S,S,,R,R,S,S,,S,,,S
ERR434993,12,11658_7#63,2003,S,S,,R,R,S,S,,S,,,S
ERR435515,144,11679_8#32,2003,S,S,,R,S,S,S,,S,,,S
ERR439560,369,11791_3#28,2003,S,S,,R,R,R,S,,S,,,S
ERR434577,131,11658_3#31,2003,S,S,,R,R,R,S,,S,,,S
ERR435323,73,11679_6#32,2003,S,S,,S,S,S,S,,S,,,S
ERR435220,80,11679_5#25,2003,S,S,,S,S,S,S,,S,,,S
ERR435324,491,11679_6#33,2003,S,S,,R,R,S,S,,S,,,S
ERR439561,491,11791_3#29,2003,S,S,,R,R,S,S,,S,,,S
ERR434392,73,11657_6#38,2003,S,S,,S,S,S,S,,S,,,S
ERR435221,73,11679_5#26,2003,S,S,,S,S,S,S,,S,,,S
ERR439562,12,11791_3#30,2003,S,S,,R,S,S,S,,S,,,S
ERR435222,12,11679_5#27,2003,S,S,,R,S,S,S,,S,,,S
ERR434393,5552,11657_6#39,2003,S,S,,S,S,S,S,,S,,,S
ERR439563,127,11791_3#31,2003,S,S,,S,S,S,S,,S,,,S
ERR434297,685,11657_5#39,2003,S,S,,S,S,S,S,,S,,,S
ERR485894,10,12045_3#61,2003,S,S,,R,S,S,S,,S,,,S
ERR434298,167,11657_5#40,2003,R,R,,R,R,R,R,,R,,,R
ERR434299,95,11657_5#41,2003,S,S,,S,S,S,R,,S,,,S
ERR435326,405,11679_6#35,2003,S,S,,S,S,S,S,,S,,,S
ERR434683,73,11658_4#41,2003,S,S,,S,S,S,S,,S,,,S
ERR434487,12,11657_7#37,2003,S,S,,R,S,S,S,,S,,,S
ERR434394,405,11657_6#40,2003,S,S,,R,S,S,S,,S,,,S
ERR439564,131,11791_3#32,2003,S,S,,R,S,S,S,,S,,,R
ERR434300,58,11657_5#42,2003,S,S,,R,R,R,S,,S,,,S
ERR435517,1810,11679_8#34,2003,S,S,,S,S,S,S,,S,,,S
ERR434488,2567,11657_7#38,2003,S,S,,S,S,S,S,,S,,,S
ERR439646,38,11791_6#19,2003,S,S,,S,S,S,S,,S,,,S
ERR435518,69,11679_8#35,2003,S,S,,R,S,S,S,,S,,,S
ERR435127,127,11679_4#28,2003,S,S,,R,S,S,S,,S,,,S
ERR435519,69,11679_8#36,2003,S,S,,R,S,S,S,,S,,,S
ERR435475,46,11679_7#88,2003,S,S,,S,S,S,S,,S,,,S
ERR434804,131,11658_5#66,2003,S,S,,R,R,S,S,,S,,,S
ERR435520,95,11679_8#37,2003,S,S,,S,S,S,S,,S,,,S
ERR435063,117,11658_8#60,2003,S,S,,R,S,S,S,,S,,,S
ERR434684,5440,11658_4#42,2003,S,S,,R,R,S,S,,S,,,S
ERR434982,131,11658_7#52,2003,S,S,,R,R,S,S,,S,,,S
ERR434898,131,11658_6#64,2003,S,S,,R,S,S,S,,S,,,R
ERR435325,73,11679_6#34,2003,S,S,,R,S,S,S,,S,,,S
ERR434301,405,11657_5#43,2003,S,S,,R,S,S,S,,S,,,S
ERR439707,131,11791_7#45,2003,S,S,,S,S,S,S,,S,,,S
ERR435521,73,11679_8#38,2003,S,S,,S,S,S,S,,S,,,S
ERR434805,12,11658_5#67,2003,S,S,,R,S,S,S,,S,,,S
ERR435522,73,11679_8#39,2003,S,S,,S,S,S,S,,S,,,S
ERR435064,73,11658_8#61,2003,S,S,,S,S,S,S,,S,,,S
ERR435223,12,11679_5#28,2003,S,S,,R,S,S,S,,S,,,S
ERR434685,131,11658_4#43,2003,S,S,,S,S,S,S,,S,,,S
ERR434686,95,11658_4#44,2003,S,S,,S,S,S,S,,S,,,S
ERR434495,393,11657_7#45,2003,S,S,,R,R,S,S,,S,,,R
ERR434983,648,11658_7#53,2003,R,R,,R,S,S,R,,S,,,R
ERR439708,14,11791_7#46,2003,S,S,,S,S,S,S,,S,,,S
ERR434447,59,11657_6#93,2003,S,S,,S,S,S,S,,S,,,S
ERR435523,393,11679_8#40,2003,S,S,,R,S,S,S,,S,,,R
ERR435524,73,11679_8#41,2003,S,S,,R,S,S,S,,S,,,S
ERR439709,393,11791_7#47,2003,S,S,,R,R,R,S,,S,,,R
ERR435469,68,11679_7#82,2003,S,S,,R,R,S,R,,S,,,R
ERR434984,127,11658_7#54,2003,S,S,,S,S,S,S,,S,,,S
ERR439565,80,11791_3#33,2003,S,S,,R,S,S,S,,S,,,S
ERR434395,127,11657_6#41,2003,S,S,,R,R,S,S,,S,,,S
ERR439710,73,11791_7#48,2003,S,S,,S,S,S,S,,S,,,S
ERR439566,73,11791_3#34,2003,S,S,,R,R,S,S,,S,,,S
ERR434899,73,11658_6#65,2003,S,S,,R,S,S,S,,S,,,S
ERR439599,1125,11791_3#67,2003,S,S,,S,S,S,S,,S,,,S
ERR435327,95,11679_6#36,2003,S,S,,R,R,S,S,,S,,,S
ERR439567,10,11791_3#35,2003,S,S,,S,S,S,S,,S,,,S
ERR434668,155,11658_4#26,2001,S,,,R,S,S,S,,S,,,R
ERR434442,69,11657_6#88,2003,S,S,,R,R,S,S,,S,,,S
ERR435403,95,11679_7#16,2001,S,,,S,S,S,S,,S,,,S
ERR435192,144,11679_4#93,2001,S,,,S,S,S,S,,S,,,S
ERR435497,95,11679_8#14,2001,S,,,S,S,S,S,,S,,,S
ERR434382,73,11657_6#28,2001,S,,,S,S,S,S,,S,,,S
ERR434687,73,11658_4#45,2004,S,S,,S,S,R,S,,S,,,S
ERR434985,73,11658_7#55,2004,S,S,,S,S,R,R,,S,,,S
ERR434302,73,11657_5#44,2004,S,S,,R,R,S,S,,S,,,S
ERR434489,69,11657_7#39,2004,S,S,,R,S,S,S,,S,,,S
ERR434806,73,11658_5#68,2004,S,S,,S,S,S,S,,S,,,S
ERR435065,73,11658_8#62,2004,S,S,,S,S,S,S,,S,,,S
ERR434807,127,11658_5#69,2004,S,S,,S,S,S,S,,S,,,R
ERR439711,131,11791_7#49,2004,S,S,,R,R,R,S,,R,,,R
ERR435066,73,11658_8#63,2004,S,S,,R,S,S,S,,S,,,S
ERR434477,405,11657_7#27,2001,S,,,R,R,S,R,,S,,,R
ERR434688,393,11658_4#46,2004,S,S,,R,R,R,S,,S,,,R
ERR434490,95,11657_7#40,2004,S,S,,S,S,S,S,,S,,,S
ERR434736,62,11658_4#94,2004,S,S,,S,S,S,S,,S,,,S
ERR439712,131,11791_7#50,2004,S,S,,S,S,S,R,,S,,,R
ERR435328,10,11679_6#37,2004,S,S,,R,R,S,S,,S,,,S
ERR485896,73,12045_3#63,2004,S,S,,R,S,S,S,,S,,,S
ERR434986,127,11658_7#56,2004,S,S,,R,S,S,S,,S,,,S
ERR439605,390,11791_3#73,2004,S,S,,S,S,S,S,,S,,,S
ERR435525,73,11679_8#42,2004,S,S,,R,S,S,S,,S,,,S
ERR434808,5609,11658_5#70,2004,S,S,,S,S,S,S,,S,,,S
ERR439713,144,11791_7#51,2004,S,S,,R,S,S,S,,S,,,S
ERR435382,59,11679_6#91,2004,S,S,,S,S,S,S,,S,,,S
ERR434809,537,11658_5#71,2004,S,S,,S,S,S,S,,S,,,S
ERR439568,73,11791_3#36,2004,S,S,,S,S,R,S,,S,,,S
ERR435067,131,11658_8#64,2004,S,S,,R,R,S,S,,R,,,R
ERR435374,405,11679_6#83,2004,S,R,,R,R,R,R,,S,,,R
ERR439604,88,11791_3#72,2004,S,S,,R,S,S,S,,S,,,S
ERR435276,73,11679_5#81,2004,S,S,,S,S,S,S,,S,,,S
ERR434900,80,11658_6#66,2004,S,S,,S,S,S,S,,S,,,S
ERR434810,95,11658_5#72,2004,S,S,,S,S,S,S,,S,,,S
ERR435068,95,11658_8#65,2004,S,S,,S,S,S,S,,S,,,S
ERR435282,38,11679_5#87,2004,S,S,,S,S,R,S,,S,,,S
ERR434443,393,11657_6#89,2004,S,S,,R,S,S,S,,S,,,R
ERR434987,131,11658_7#57,2004,S,S,,R,S,S,S,,S,,,S
ERR434988,73,11658_7#58,2004,S,S,,R,R,R,R,,S,,,S
ERR434396,567,11657_6#42,2004,S,S,,R,S,S,S,,S,,,S
ERR435526,69,11679_8#43,2004,S,S,,R,S,S,S,,S,,,S
ERR435190,131,11679_4#91,2004,S,S,,R,S,S,R,,R,,,R
ERR439603,681,11791_3#71,2004,S,S,,S,S,S,S,,S,,,S
ERR439569,1604,11791_3#37,2004,S,S,,R,S,S,S,,S,,,S
ERR439714,393,11791_7#52,2004,S,S,,S,S,S,S,,S,,,R
ERR434901,95,11658_6#67,2004,S,S,,S,S,S,S,,S,,,S
ERR434811,73,11658_5#73,2004,S,S,,S,S,S,S,,S,,,S
ERR434902,537,11658_6#68,2004,S,S,,S,S,S,S,,S,,,S
ERR434812,12,11658_5#74,2004,S,S,,R,S,R,S,,S,,,S
ERR434813,95,11658_5#75,2004,S,S,,S,S,S,S,,S,,,S
ERR439602,405,11791_3#70,2004,S,S,,R,S,S,R,,S,,,S
ERR434903,961,11658_6#69,2004,S,S,,S,S,S,S,,S,,,S
ERR435224,95,11679_5#29,2004,S,S,,S,S,S,S,,S,,,S
ERR439715,69,11791_7#53,2004,S,S,,R,S,S,S,,S,,,S
ERR434397,69,11657_6#43,2004,S,S,,S,S,S,S,,S,,,S
ERR439716,141,11791_7#54,2004,S,S,,S,S,S,S,,S,,,S
ERR434904,393,11658_6#70,2004,S,S,,S,S,S,S,,S,,,R
ERR439647,95,11791_6#20,2004,S,S,,R,S,S,S,,S,,,S
ERR435080,1431,11658_8#77,2004,S,S,,R,S,S,S,,S,,,S
ERR435081,131,11658_8#78,2004,S,S,,R,S,S,S,,S,,,R
ERR435129,550,11679_4#30,2004,S,S,,S,S,S,S,,S,,,S
ERR434911,567,11658_6#77,2004,S,S,,S,S,S,S,,S,,,S
ERR435082,393,11658_8#79,2004,S,S,,S,S,S,S,,S,,,S
ERR434912,393,11658_6#78,2004,S,S,,S,S,S,S,,S,,,R
ERR434383,144,11657_6#29,2001,S,,,S,S,S,S,,S,,,S
ERR434690,131,11658_4#48,2004,R,R,,R,R,S,R,,R,,,S
ERR439719,62,11791_7#57,2004,S,S,,R,R,S,S,,S,,,S
ERR434492,12,11657_7#42,2004,S,S,,S,S,S,S,,S,,,S
ERR434493,144,11657_7#43,2004,S,S,,R,S,S,S,,S,,,S
ERR435083,62,11658_8#80,2004,S,S,,S,S,S,S,,S,,,S
ERR435084,117,11658_8#81,2004,S,S,,R,S,S,S,,S,,,S
ERR435085,349,11658_8#82,2004,S,S,,S,S,S,S,,S,,,S
ERR435415,141,11679_7#28,2004,S,S,,S,S,S,S,,S,,,S
ERR434691,421,11658_4#49,2004,S,S,,S,S,S,S,,S,,,S
ERR434304,131,11657_5#46,2004,R,R,,R,R,S,R,,S,,,R
ERR435086,73,11658_8#83,2004,S,S,,S,S,S,S,,S,,,S
ERR434578,73,11658_3#32,2004,S,S,,R,S,S,S,,S,,,S
ERR434579,1946,11658_3#33,2004,S,S,,R,S,S,S,,S,,,S
ERR435074,58,11658_8#71,2004,S,S,,R,S,S,S,,S,,,S
ERR439648,95,11791_6#21,2004,S,S,,S,S,S,S,,S,,,S
ERR435075,95,11658_8#72,2004,S,S,,S,S,S,S,,S,,,S
ERR435076,79,11658_8#73,2004,S,S,,R,R,S,S,,S,,,S
ERR485890,95,12045_3#57,2004,S,S,,S,S,S,S,,S,,,S
ERR434398,106,11657_6#44,2004,S,S,,R,S,S,S,,S,,,S
ERR439627,998,11791_3#95,2001,S,,,R,R,R,R,,S,,,S
ERR434494,73,11657_7#44,2004,S,S,,S,S,S,S,,S,,,S
ERR435311,12,11679_6#20,2001,S,,,S,S,S,S,,S,,,S
ERR434821,12,11658_5#83,2004,S,S,,R,R,S,S,,S,,,S
ERR435087,131,11658_8#84,2004,S,R,,R,R,S,R,,S,,,R
ERR434913,706,11658_6#79,2004,S,S,,R,R,S,R,,S,,,S
ERR435088,131,11658_8#85,2004,S,S,,S,S,S,S,,S,,,R
ERR485897,12,12045_3#64,2004,S,S,,R,R,S,S,,S,,,S
ERR435089,95,11658_8#86,2004,S,S,,S,S,S,S,,S,,,S
ERR434914,95,11658_6#80,2004,S,S,,S,S,S,S,,S,,,S
ERR434915,131,11658_6#81,2004,S,R,,R,R,S,R,,S,,,R
ERR434994,131,11658_7#64,2004,S,R,,R,R,S,R,,S,,,R
ERR435116,126,11679_4#17,2001,S,,,S,S,S,S,,S,,,S
ERR435090,73,11658_8#87,2004,S,S,,S,S,S,S,,S,,,S
ERR439720,491,11791_7#58,2004,S,S,,R,S,S,R,,S,,,S
ERR434916,131,11658_6#82,2004,S,S,,R,R,S,S,,S,,,R
ERR434822,421,11658_5#84,2004,S,S,,R,S,S,S,,S,,,S
ERR439721,131,11791_7#59,2004,S,S,,R,R,R,R,,S,,,R
ERR434692,73,11658_4#50,2004,S,S,,S,S,S,S,,S,,,S
ERR434917,95,11658_6#83,2004,S,S,,S,S,S,S,,S,,,S
ERR434823,95,11658_5#85,2004,S,S,,R,S,S,S,,S,,,S
ERR434693,141,11658_4#51,2004,S,S,,R,S,S,S,,S,,,S
ERR435077,59,11658_8#74,2004,S,S,,S,S,S,S,,S,,,S
ERR435404,144,11679_7#17,2001,S,,,S,S,S,S,,S,,,S
ERR434694,38,11658_4#52,2004,S,S,,R,R,S,R,,S,,,R
ERR435117,550,11679_4#18,2001,S,,,S,S,S,S,,S,,,S
ERR434824,23,11658_5#86,2004,S,S,,S,S,S,S,,S,,,S
ERR434918,144,11658_6#84,2004,S,S,,S,S,S,S,,S,,,S
ERR435091,2802,11658_8#88,2004,S,S,,S,S,S,S,,S,,,S
ERR435092,73,11658_8#89,2004,S,S,,R,R,S,S,,S,,,S
ERR434305,73,11657_5#47,2004,S,S,,S,S,S,S,,S,,,S
ERR435093,372,11658_8#90,2004,S,S,,S,S,S,S,,S,,,S
ERR439722,131,11791_7#60,2004,R,R,,R,R,S,R,,R,,,R
ERR439649,73,11791_6#22,2004,S,S,,S,S,S,S,,S,,,S
ERR439723,73,11791_7#61,2004,S,S,,S,S,S,S,,S,,,S
ERR435118,372,11679_4#19,2001,S,,,R,S,S,S,,S,,,S
ERR435130,83,11679_4#31,2004,S,S,,R,R,R,S,,S,,,S
ERR434990,88,11658_7#60,2001,S,,,S,S,S,S,,S,,,S
ERR434453,5308,11657_7#3,2010,S,S,S,,S,S,S,S,S,S,S,S
ERR434742,5375,11658_5#4,2007,S,S,R,,R,S,S,S,S,S,R,S
ERR434873,5640,11658_6#39,2011,S,S,R,,S,S,S,S,S,S,R,R
ERR435043,5430,11658_8#40,2009,S,S,S,,S,S,S,S,S,S,S,S
ERR435048,5593,11658_8#45,2011,S,S,R,,R,R,S,R,S,S,R,S
ERR435391,5328,11679_7#4,2010,S,S,R,,R,S,R,R,S,S,S,S
ERR435487,5585,11679_8#4,2011,S,S,S,,S,S,S,S,S,S,S,S
ERR439536,5364,11791_3#4,2012,S,S,S,,S,S,S,S,S,S,S,S
ERR434259,10,11657_5#1,2006,S,S,R,,R,S,S,S,S,S,R,R
ERR434366,10,11657_6#12,2010,S,S,R,,S,S,S,S,S,S,R,S
ERR434557,10,11658_3#11,2011,S,S,R,,R,S,S,S,S,S,S,S
ERR434560,10,11658_3#14,2012,S,S,S,,S,S,S,S,S,S,S,S
ERR434670,10,11658_4#28,2012,S,S,R,,R,S,S,S,S,S,R,S
ERR434756,10,11658_5#18,2008,S,S,S,,S,S,S,S,S,S,S,S
ERR434739,10,11658_5#1,2006,S,S,R,,S,S,S,S,S,S,R,R
ERR435109,10,11679_4#10,2011,S,S,R,,R,S,S,S,S,S,R,S
ERR439634,5606,11791_6#6,2009,S,S,R,,R,S,S,S,S,S,R,S
ERR439681,10,11791_7#17,2009,S,S,R,,R,R,S,S,S,S,R,S
ERR434769,12,11658_5#31,2009,S,S,S,,S,S,S,S,S,S,S,S
ERR434784,12,11658_5#46,2011,S,S,S,,S,S,S,S,S,S,S,S
ERR434745,12,11658_5#7,2007,S,S,S,,S,S,S,S,S,S,S,S
ERR434861,12,11658_6#27,2009,S,S,S,,S,S,S,S,S,S,S,S
ERR434878,5389,11658_6#44,2012,S,S,R,,S,S,S,S,S,S,R,S
ERR434879,12,11658_6#45,2012,S,S,R,,S,S,S,S,S,S,S,S
ERR434889,12,11658_6#55,2012,S,S,R,,R,S,S,S,S,S,S,S
ERR434944,12,11658_7#14,2008,S,R,R,,R,S,R,R,S,S,S,S
ERR435027,12,11658_8#24,2007,S,S,S,,S,S,S,S,S,S,S,S
ERR435059,12,11658_8#56,2011,S,S,R,,S,S,S,S,S,S,R,S
ERR435208,12,11679_5#13,2012,S,S,R,,S,S,S,S,S,S,S,S
ERR435299,12,11679_6#8,2011,S,S,R,,R,S,S,S,S,S,R,S
ERR439533,12,11791_3#1,2012,S,S,R,,R,,S,R,S,S,S,R
ERR439537,12,11791_3#5,2012,S,S,S,,S,S,S,S,S,S,S,S
ERR434275,14,11657_5#17,2011,S,S,S,,S,S,S,S,S,S,S,S
ERR434657,5484,11658_4#15,2009,S,S,S,,S,S,S,S,S,S,S,S
ERR434755,14,11658_5#17,2008,S,S,S,,S,S,S,S,S,S,S,S
ERR434854,14,11658_6#20,2008,S,S,S,,S,S,S,S,S,S,S,S
ERR434869,14,11658_6#35,2010,S,S,S,,S,S,S,S,S,S,R,S
ERR435056,14,11658_8#53,2012,S,S,R,,S,S,S,S,S,S,R,S
ERR434932,23,11658_7#2,2007,S,S,R,,S,S,S,S,S,S,S,S
ERR435306,23,11679_6#15,2012,S,S,R,,R,S,S,R,S,S,R,S
ERR434468,28,11657_7#18,2011,S,S,S,,S,S,S,S,S,S,S,S
ERR434278,38,11657_5#20,2010,S,S,R,,S,S,S,S,S,S,S,S
ERR434455,38,11657_7#5,2010,S,S,R,,R,S,S,S,S,S,R,S
ERR434883,38,11658_6#49,2012,S,R,R,,R,S,R,R,S,S,R,S
ERR435053,38,11658_8#50,2011,S,S,R,,S,S,S,S,S,S,R,S
ERR435055,38,11658_8#52,2012,S,S,R,,R,R,S,S,S,S,S,S
ERR435112,38,11679_4#13,2012,S,S,R,,S,S,S,S,S,S,R,S
ERR435396,38,11679_7#9,2011,S,S,R,,R,S,S,S,S,S,R,S
ERR439690,38,11791_7#26,2012,S,S,R,,S,S,S,S,S,S,R,S
ERR434374,44,11657_6#20,2011,R,R,R,,R,S,R,R,R,R,R,R
ERR434460,46,11657_7#10,2010,S,S,R,,S,S,S,S,S,S,S,S
ERR435032,46,11658_8#29,2008,S,S,S,,S,S,S,S,S,S,S,S
ERR434663,58,11658_4#21,2012,S,S,R,,R,S,S,S,S,S,R,S
ERR434886,58,11658_6#52,2012,S,S,R,,S,S,S,S,S,S,R,S
ERR439694,58,11791_7#30,2012,S,S,R,,S,S,S,S,S,S,R,S
ERR434463,59,11657_7#13,2010,S,S,S,,S,S,S,S,S,S,S,S
ERR434553,59,11658_3#7,2011,S,S,S,,S,S,S,S,S,S,S,S
ERR434656,59,11658_4#14,2009,S,S,S,,S,S,S,S,S,S,S,S
ERR434846,59,11658_6#12,2007,S,S,S,,S,S,S,S,S,S,S,S
ERR434882,59,11658_6#48,2012,S,S,R,,S,S,S,S,S,S,S,S
ERR434659,62,11658_4#17,2009,S,S,S,,S,S,S,S,S,S,S,S
ERR434746,62,11658_5#8,2007,S,S,S,,S,S,S,S,S,S,S,S
ERR434272,69,11657_5#14,2010,S,S,R,,S,S,S,S,S,S,R,S
ERR434549,69,11658_3#3,2010,S,S,R,,S,S,S,S,S,S,R,S
ERR434636,69,11658_3#90,2012,S,S,R,,S,S,S,S,S,S,R,S
ERR434555,69,11658_3#9,2011,S,S,R,,S,S,S,S,S,S,R,S
ERR434653,69,11658_4#11,2009,S,S,R,,R,S,S,S,S,S,R,S
ERR434654,69,11658_4#12,2009,S,S,R,,R,S,S,S,S,S,R,S
ERR434645,69,11658_4#3,2007,S,S,R,,R,R,S,S,S,S,R,S
ERR434748,69,11658_5#10,2007,S,S,R,,R,S,S,S,S,S,R,S
ERR434751,69,11658_5#13,2007,S,S,S,,S,S,S,S,S,S,S,S
ERR434787,5520,11658_5#49,2012,S,S,R,,S,S,S,S,S,S,S,S
ERR434794,69,11658_5#56,2011,S,S,S,,S,S,S,S,S,S,S,S
ERR434851,69,11658_6#17,2008,S,S,R,,S,S,S,S,S,S,R,S
ERR434853,69,11658_6#19,2008,S,S,R,,S,S,S,S,S,S,S,S
ERR434857,69,11658_6#23,2009,S,S,R,,R,S,S,S,S,S,S,S
ERR434866,69,11658_6#32,2009,S,S,S,,S,S,S,S,S,S,R,R
ERR434876,69,11658_6#42,2011,S,S,R,,R,S,S,S,S,S,S,S
ERR434881,69,11658_6#47,2012,S,S,R,,R,S,S,S,S,S,R,S
ERR434964,69,11658_7#34,2012,S,S,R,,S,S,S,S,S,S,R,S
ERR434933,69,11658_7#3,2007,S,S,R,,S,S,S,S,S,S,R,S
ERR434936,69,11658_7#6,2008,S,S,R,,S,S,S,S,S,S,R,S
ERR435029,69,11658_8#26,2007,S,S,R,,S,S,S,S,S,S,R,R
ERR435060,69,11658_8#57,2012,S,S,R,,S,S,S,S,S,S,R,S
ERR435199,69,11679_5#4,2011,S,S,R,,S,S,S,S,R,R,R,R
ERR435301,69,11679_6#10,2011,S,S,R,,S,S,S,S,S,S,R,S
ERR435295,69,11679_6#4,2010,S,S,S,,S,S,S,S,S,S,R,R
ERR435381,69,11679_6#90,2010,S,S,R,,S,S,S,S,S,S,R,S
ERR435300,69,11679_6#9,2011,S,S,R,,S,S,S,S,S,S,R,S
ERR435485,69,11679_8#2,2010,S,S,R,,S,S,S,S,S,S,S,S
ERR439534,69,11791_3#2,2012,S,S,R,,S,S,S,S,S,S,R,S
ERR439630,69,11791_6#2,2008,S,S,S,,S,S,S,S,S,S,R,R
ERR439631,69,11791_6#3,2008,S,S,R,,S,S,S,S,S,S,R,S
ERR439699,69,11791_7#36,2012,S,S,R,,S,S,S,S,S,S,S,S
ERR434270,73,11657_5#12,2010,S,S,S,,S,S,S,S,S,S,S,S
ERR434277,73,11657_5#19,2011,S,S,S,,S,S,S,S,S,S,S,S
ERR434261,73,11657_5#3,2007,S,S,R,,R,S,R,S,S,S,R,S
ERR434264,73,11657_5#6,2009,S,S,R,,R,,R,R,S,R,R,R
ERR434367,73,11657_6#13,2010,S,S,R,,S,S,S,S,S,S,S,S
ERR434373,73,11657_6#19,2011,S,S,R,,R,S,S,S,S,S,S,S
ERR434378,73,11657_6#24,2012,S,S,R,,R,S,S,S,S,S,S,S
ERR434357,73,11657_6#3,2008,S,S,S,,S,S,S,S,S,S,S,S
ERR434461,73,11657_7#11,2010,S,S,R,,S,S,S,S,S,S,S,S
ERR434467,73,11657_7#17,2011,S,S,R,,S,S,S,S,S,S,S,S
ERR434451,73,11657_7#1,2009,S,S,S,,S,S,S,S,S,S,S,S
ERR434470,73,11657_7#20,2012,S,S,R,,S,S,R,S,S,S,S,S
ERR434454,73,11657_7#4,2010,S,S,R,,S,S,S,S,S,S,S,S
ERR434551,73,11658_3#5,2010,S,S,R,,R,S,S,S,S,S,R,S
ERR434661,73,11658_4#19,2009,S,S,R,,R,R,R,S,S,S,S,S
ERR434650,73,11658_4#8,2008,S,S,R,,S,S,S,S,S,S,S,S
ERR434750,73,11658_5#12,2007,S,S,R,,R,S,S,S,S,S,S,S
ERR434753,73,11658_5#15,2008,S,S,S,,S,S,S,S,S,S,S,S
ERR434754,73,11658_5#16,2008,S,S,R,,S,S,S,S,S,S,S,S
ERR434758,73,11658_5#20,2008,S,S,R,,S,S,S,S,S,S,S,S
ERR434761,73,11658_5#23,2008,S,S,R,,S,S,S,S,S,S,S,S
ERR434765,73,11658_5#27,2008,S,S,R,,R,S,R,R,S,S,S,S
ERR434767,73,11658_5#29,2009,S,S,R,,R,R,S,S,S,S,S,S
ERR434774,5253,11658_5#36,2009,S,S,R,,R,R,S,S,S,S,S,S
ERR434859,73,11658_6#25,2009,S,S,R,,R,S,R,R,S,S,S,S
ERR434836,5561,11658_6#2,2007,S,S,S,,S,S,S,S,S,S,S,S
ERR434867,73,11658_6#33,2009,S,S,S,,S,S,S,S,S,S,S,S
ERR434838,5546,11658_6#4,2007,S,S,S,,S,S,S,S,S,S,S,S
ERR434884,73,11658_6#50,2012,S,S,S,,S,S,S,S,S,S,R,S
ERR434885,73,11658_6#51,2012,S,S,R,,R,R,S,R,S,S,S,S
ERR434888,73,11658_6#54,2012,S,S,R,,R,S,S,S,S,S,S,S
ERR434891,73,11658_6#57,2012,S,S,S,,S,S,S,S,S,S,S,S
ERR434839,73,11658_6#5,2007,S,S,S,,S,S,S,S,S,S,S,S
ERR434842,73,11658_6#8,2007,S,S,R,,R,S,S,S,S,S,S,S
ERR434843,73,11658_6#9,2007,S,S,R,,R,S,S,S,S,S,S,S
ERR434949,73,11658_7#19,2009,S,S,S,,S,S,S,S,S,S,S,S
ERR434952,73,11658_7#22,2009,S,S,S,,S,S,S,S,S,S,S,S
ERR434965,73,11658_7#35,2012,S,R,R,,S,S,R,R,S,S,R,R
ERR434966,73,11658_7#36,2012,S,S,S,,S,S,S,S,S,S,S,S
ERR434935,73,11658_7#5,2007,S,S,S,,S,S,S,S,S,S,S,S
ERR434939,73,11658_7#9,2008,S,S,S,,S,S,S,S,S,S,S,S
ERR435031,73,11658_8#28,2008,S,S,S,,S,S,S,S,S,S,S,S
ERR435034,73,11658_8#31,2008,S,S,S,,S,S,S,S,S,S,S,S
ERR435037,73,11658_8#34,2008,S,S,S,,S,S,S,S,S,S,S,S
ERR435038,73,11658_8#35,2009,S,S,R,,R,S,S,S,S,S,R,S
ERR435041,73,11658_8#38,2009,S,S,R,,R,S,S,S,S,S,R,S
ERR435046,73,11658_8#43,2010,S,S,S,,S,S,S,S,S,S,S,S
ERR435111,73,11679_4#12,2010,S,S,S,,S,S,S,S,S,S,S,S
ERR435115,73,11679_4#16,2012,S,S,R,,S,S,S,S,S,S,S,S
ERR435101,73,11679_4#2,2010,S,S,S,,S,S,S,S,S,S,S,S
ERR435102,73,11679_4#3,2010,S,S,S,,S,S,S,S,S,S,S,S
ERR435106,73,11679_4#7,2010,S,S,S,,S,S,S,S,S,S,S,S
ERR435108,73,11679_4#9,2011,S,S,R,,S,S,S,S,S,S,S,S
ERR435206,73,11679_5#11,2012,S,S,R,,S,S,S,S,S,S,S,S
ERR435200,73,11679_5#5,2011,S,S,R,,R,S,S,S,S,S,S,S
ERR435292,73,11679_6#1,2009,S,S,R,,R,R,S,S,S,S,R,S
ERR435398,73,11679_7#11,2012,S,S,R,,R,S,S,S,S,S,S,S
ERR435493,73,11679_8#10,2012,S,S,S,,S,S,S,S,S,S,S,S
ERR439637,73,11791_6#10,2011,S,S,R,,R,S,S,S,S,S,S,S
ERR439676,73,11791_7#12,2008,S,S,S,,S,S,S,S,S,S,S,S
ERR439677,73,11791_7#13,2008,S,S,R,,R,R,S,S,S,S,S,S
ERR439678,73,11791_7#14,2008,S,S,S,,S,S,S,S,S,S,S,S
ERR439683,73,11791_7#19,2009,S,S,S,,S,S,S,S,S,S,S,S
ERR439666,73,11791_7#1,2007,S,S,R,,R,R,S,S,S,S,S,S
ERR439686,73,11791_7#22,2009,S,S,S,,S,S,S,S,S,S,S,S
ERR439689,73,11791_7#25,2012,S,S,S,,S,S,S,S,S,S,S,S
ERR439692,73,11791_7#28,2012,S,S,R,,R,R,S,R,S,S,S,S
ERR439697,73,11791_7#34,2012,S,S,R,,R,R,S,R,S,S,S,S
ERR439669,73,11791_7#4,2007,S,S,S,,S,S,S,S,S,S,S,S
ERR434773,80,11658_5#35,2009,S,S,S,,S,S,S,S,S,S,S,S
ERR434852,80,11658_6#18,2008,S,S,S,,S,S,S,S,S,S,S,S
ERR434871,5351,11658_6#37,2010,S,S,S,,S,S,S,S,S,S,S,S
ERR434840,80,11658_6#6,2007,S,S,R,,S,S,S,S,S,S,S,S
ERR434951,80,11658_7#21,2009,S,S,R,,S,S,S,S,S,S,S,S
ERR434778,88,11658_5#40,2009,S,S,S,,S,S,S,S,S,S,S,S
ERR434747,88,11658_5#9,2007,S,S,S,,S,S,S,S,S,S,S,S
ERR434845,88,11658_6#11,2007,S,S,R,,R,S,S,S,S,S,R,S
ERR434850,88,11658_6#16,2008,R,R,R,,R,S,R,R,S,S,R,R
ERR439600,88,11791_3#68,2012,S,S,R,,S,S,S,S,S,S,S,S
ERR434792,91,11658_5#54,2012,S,S,S,,S,S,S,S,S,S,S,S
ERR434469,93,11657_7#19,2011,S,S,R,,S,S,S,S,S,S,S,S
ERR439693,773,11791_7#29,2012,S,S,R,,S,S,S,S,S,S,S,R
ERR439668,93,11791_7#3,2007,S,S,S,,S,S,S,S,S,S,S,S
ERR434273,95,11657_5#15,2011,S,S,S,,S,S,S,S,S,S,S,S
ERR434260,95,11657_5#2,2007,S,S,R,,S,S,S,S,S,S,R,S
ERR434375,95,11657_6#21,2011,S,S,S,,S,S,S,S,S,S,S,S
ERR434376,95,11657_6#22,2012,S,S,S,,S,S,S,S,S,S,S,S
ERR434356,95,11657_6#2,2008,S,S,S,,S,S,S,S,S,S,S,S
ERR434360,95,11657_6#6,2009,S,S,R,,S,S,S,S,S,S,S,S
ERR434466,95,11657_7#16,2011,S,S,R,,S,S,S,S,S,S,S,S
ERR434452,95,11657_7#2,2010,S,S,R,,R,R,S,S,S,S,S,S
ERR434458,5678,11657_7#8,2010,S,S,R,,S,S,S,S,S,S,S,S
ERR434658,95,11658_4#16,2009,S,S,R,,S,S,S,S,S,S,R,S
ERR434662,95,11658_4#20,2010,S,S,S,,S,S,S,S,S,S,S,S
ERR434666,95,11658_4#24,2012,S,S,S,,S,S,S,S,S,S,S,S
ERR434667,95,11658_4#25,2012,S,S,R,,R,S,S,S,S,S,S,S
ERR434647,95,11658_4#5,2007,S,S,R,,S,S,S,S,S,S,S,S
ERR434768,95,11658_5#30,2009,S,S,R,,R,S,S,R,S,S,S,S
ERR434771,95,11658_5#33,2009,S,S,R,,R,S,S,S,S,S,S,S
ERR434744,95,11658_5#6,2007,S,S,S,,S,S,S,S,S,S,S,S
ERR434835,95,11658_6#1,2007,S,S,S,,S,S,S,S,S,S,S,S
ERR434860,95,11658_6#26,2009,S,S,S,,S,S,S,S,S,S,S,S
ERR434874,95,11658_6#40,2011,S,S,S,,S,S,S,S,S,S,S,S
ERR434890,95,11658_6#56,2012,S,S,R,,S,S,S,S,S,S,S,S
ERR434948,95,11658_7#18,2009,S,S,S,,S,S,S,S,S,S,S,S
ERR434931,95,11658_7#1,2007,S,S,R,,S,S,S,S,S,S,R,S
ERR434957,95,11658_7#27,2010,S,S,R,,R,R,S,S,S,S,S,S
ERR434959,95,11658_7#29,2011,S,S,R,,R,S,S,S,S,S,R,S
ERR435044,95,11658_8#41,2009,S,S,S,,S,S,S,S,S,S,S,S
ERR435049,95,11658_8#46,2011,S,S,R,,R,S,S,S,S,S,S,S
ERR435050,95,11658_8#47,2011,S,S,R,,S,S,S,S,S,S,S,S
ERR435051,95,11658_8#48,2011,S,S,S,,S,S,S,S,S,S,S,S
ERR435057,95,11658_8#54,2012,S,S,R,,S,S,S,S,R,R,R,S
ERR435110,95,11679_4#11,2011,S,S,R,,S,S,S,S,S,S,R,S
ERR435114,95,11679_4#15,2012,S,S,S,,S,S,S,S,S,S,S,S
ERR435104,95,11679_4#5,2010,S,S,R,,S,S,S,S,S,S,R,R
ERR435198,95,11679_5#3,2010,S,S,S,,S,S,S,S,S,S,S,S
ERR435204,95,11679_5#9,2012,S,S,S,,S,S,S,S,S,S,S,S
ERR435388,95,11679_7#1,2010,S,S,S,,S,S,S,S,S,S,S,S
ERR435393,95,11679_7#6,2011,S,S,S,,S,S,S,S,S,S,S,S
ERR435490,95,11679_8#7,2011,S,S,R,,S,S,S,S,S,S,R,R
ERR435492,95,11679_8#9,2012,S,S,R,,R,S,R,R,S,S,S,S
ERR439632,95,11791_6#4,2008,S,S,R,,S,S,S,S,S,S,R,S
ERR439675,95,11791_7#11,2008,S,S,R,,S,S,S,S,S,S,S,S
ERR439679,95,11791_7#15,2008,S,S,S,,S,S,S,S,S,S,S,S
ERR439682,95,11791_7#18,2009,S,S,R,,R,S,S,S,S,S,S,S
ERR439684,95,11791_7#20,2009,S,S,S,,S,S,S,S,S,S,S,S
ERR439687,95,11791_7#23,2011,S,S,R,,S,S,S,S,S,S,R,S
ERR439688,95,11791_7#24,2012,S,S,S,,S,S,S,S,S,S,S,S
ERR439696,95,11791_7#33,2012,S,S,S,,S,S,S,S,S,S,S,S
ERR439698,95,11791_7#35,2012,S,S,R,,S,S,S,S,S,S,R,R
ERR439680,101,11791_7#16,2009,S,S,S,,S,S,S,S,S,S,S,S
ERR439633,104,11791_6#5,2009,S,S,R,,R,S,S,S,S,S,S,S
ERR434849,115,11658_6#15,2008,S,S,R,,S,S,S,S,S,S,R,R
ERR434655,117,11658_4#13,2009,S,R,R,,S,S,R,R,S,S,R,S
ERR434954,117,11658_7#24,2009,S,S,R,,S,S,S,S,S,S,R,S
ERR434371,127,11657_6#17,2011,S,S,S,,S,S,S,S,S,S,S,S
ERR434456,127,11657_7#6,2010,S,S,S,,S,S,S,S,S,S,S,S
ERR434652,127,11658_4#10,2008,S,S,S,,S,S,S,S,S,S,S,S
ERR434644,127,11658_4#2,2006,S,S,S,,S,S,S,S,S,S,S,S
ERR434759,127,11658_5#21,2008,S,S,S,,S,S,S,S,S,S,S,S
ERR434789,127,11658_5#51,2012,S,S,R,,S,S,S,S,S,S,S,S
ERR434793,127,11658_5#55,2012,S,S,S,,S,S,S,S,S,S,S,S
ERR434862,127,11658_6#28,2009,S,S,R,,S,S,S,S,S,S,S,S
ERR434837,127,11658_6#3,2007,S,S,S,,S,S,S,S,S,S,S,S
ERR435039,127,11658_8#36,2009,S,S,R,,R,S,R,S,S,S,S,S
ERR435491,127,11679_8#8,2012,S,S,S,,S,S,S,S,S,S,S,S
ERR439695,127,11791_7#32,2012,S,S,R,,S,S,S,S,S,S,R,S
ERR435205,129,11679_5#10,2012,S,S,S,,S,S,S,S,S,S,S,S
ERR434269,131,11657_5#11,2010,S,S,R,,R,S,S,S,S,S,R,R
ERR434271,131,11657_5#13,2010,S,S,R,,R,S,S,S,S,S,S,R
ERR434280,131,11657_5#22,2012,S,S,S,,S,S,R,S,S,S,S,R
ERR434282,131,11657_5#24,2012,R,R,R,,R,S,R,R,R,R,R,R
ERR434286,5432,11657_5#28,2012,S,S,R,,S,S,S,S,S,S,S,S
ERR434265,131,11657_5#7,2009,S,S,R,,S,S,S,S,S,S,S,R
ERR434266,5387,11657_5#8,2009,S,S,R,,R,S,R,S,R,R,S,R
ERR434365,131,11657_6#11,2010,S,S,R,,R,S,R,R,R,R,R,S
ERR434368,131,11657_6#14,2010,S,S,R,,R,R,S,S,R,S,R,R
ERR434370,131,11657_6#16,2010,S,S,R,,R,S,S,S,S,S,S,R
ERR434377,131,11657_6#23,2012,S,S,R,,S,S,S,S,S,S,R,S
ERR434361,131,11657_6#7,2010,S,S,S,,S,S,S,S,S,S,S,S
ERR434462,131,11657_7#12,2010,S,R,R,,R,S,R,R,R,R,R,R
ERR434471,131,11657_7#21,2012,S,S,R,,R,R,S,S,S,R,R,R
ERR434472,131,11657_7#22,2012,S,R,R,,S,S,R,R,S,S,R,R
ERR434473,131,11657_7#23,2012,S,R,R,,R,S,R,R,S,R,R,R
ERR434457,131,11657_7#7,2010,S,S,R,,S,S,S,S,S,S,R,S
ERR434550,131,11658_3#4,2010,S,S,S,,S,S,S,S,S,S,S,R
ERR434632,131,11658_3#86,2011,S,S,R,,S,S,S,S,S,S,S,R
ERR434554,131,11658_3#8,2011,S,S,S,,S,S,S,S,S,S,S,S
ERR434660,131,11658_4#18,2009,S,R,R,,R,S,R,R,S,R,R,R
ERR434664,131,11658_4#22,2012,S,S,S,,S,S,S,S,S,S,S,S
ERR434649,131,11658_4#7,2008,S,S,S,,S,S,S,S,S,S,S,S
ERR434749,131,11658_5#11,2007,S,S,R,,R,S,S,S,R,S,R,R
ERR434752,131,11658_5#14,2007,S,S,R,,S,S,S,S,S,S,S,R
ERR434757,131,11658_5#19,2008,S,R,R,,R,S,R,R,S,R,R,R
ERR434764,131,11658_5#26,2008,R,R,R,,R,S,R,R,S,R,R,R
ERR434766,131,11658_5#28,2009,S,R,R,,R,S,R,R,S,R,R,R
ERR434740,131,11658_5#2,2007,S,R,R,,R,S,R,R,S,R,R,R
ERR434770,131,11658_5#32,2009,S,S,R,,S,S,S,S,S,S,S,S
ERR434779,131,11658_5#41,2009,S,S,S,,S,S,S,S,S,S,R,R
ERR434780,131,11658_5#42,2010,S,S,R,,S,S,S,S,S,S,S,S
ERR434782,131,11658_5#44,2011,S,R,R,,R,S,R,R,R,R,S,R
ERR434788,5494,11658_5#50,2012,S,S,R,,S,S,S,S,S,S,R,S
ERR434791,131,11658_5#53,2012,S,S,S,,S,S,S,S,S,S,S,S
ERR434795,131,11658_5#57,2012,S,S,R,,R,S,S,S,S,S,S,S
ERR434743,131,11658_5#5,2007,S,S,R,,R,S,S,S,S,S,R,R
ERR434844,131,11658_6#10,2007,R,R,R,,R,S,R,R,S,R,R,R
ERR434847,131,11658_6#13,2008,S,R,R,,R,S,R,R,S,R,R,R
ERR434856,131,11658_6#22,2009,R,R,R,,R,S,R,R,S,S,S,S
ERR434868,131,11658_6#34,2010,S,S,S,,S,S,S,S,S,S,S,S
ERR434875,131,11658_6#41,2011,S,R,R,,S,S,R,R,S,S,S,R
ERR434877,131,11658_6#43,2012,,,,,,,,,,,,
ERR434887,131,11658_6#53,2012,S,S,R,,S,S,S,S,R,R,S,S
ERR434945,131,11658_7#15,2009,S,S,R,,R,S,R,S,S,R,R,R
ERR434946,131,11658_7#16,2009,R,S,R,,S,S,S,R,S,S,R,R
ERR434947,131,11658_7#17,2009,S,S,S,,S,S,S,S,S,S,S,S
ERR434953,131,11658_7#23,2009,S,S,R,,R,S,R,R,R,R,R,R
ERR434956,131,11658_7#26,2010,S,R,R,,R,S,R,R,S,R,R,R
ERR434960,131,11658_7#30,2012,S,R,R,,R,S,R,R,R,R,R,R
ERR434963,131,11658_7#33,2012,S,R,R,,R,S,R,R,S,R,R,R
ERR434937,131,11658_7#7,2008,R,R,R,,S,S,R,R,S,S,R,R
ERR434938,131,11658_7#8,2008,S,S,R,,R,S,S,S,R,R,R,R
ERR435030,131,11658_8#27,2007,S,S,S,,S,S,S,S,S,S,R,R
ERR435058,131,11658_8#55,2012,R,R,R,,R,S,R,R,S,R,R,R
ERR435103,131,11679_4#4,2010,S,S,R,,S,S,S,S,S,S,S,R
ERR435107,131,11679_4#8,2011,R,R,R,,R,R,R,R,S,R,R,R
ERR435207,131,11679_5#12,2012,S,S,R,,R,R,S,S,S,S,R,S
ERR435197,131,11679_5#2,2010,S,S,R,,R,S,R,S,S,S,R,R
ERR435298,131,11679_6#7,2011,S,S,R,,R,S,S,S,R,R,R,S
ERR435399,131,11679_7#12,2012,S,S,S,,S,S,S,S,S,S,R,S
ERR435392,131,11679_7#5,2011,S,R,R,,R,S,R,R,S,R,R,R
ERR435395,131,11679_7#8,2011,S,S,R,,S,S,S,S,S,S,R,R
ERR435494,131,11679_8#11,2012,R,R,R,,S,S,R,R,S,S,R,R
ERR435484,131,11679_8#1,2010,S,S,S,,S,S,S,S,S,S,S,S
ERR435489,131,11679_8#6,2011,S,S,R,,S,S,S,S,R,R,S,R
ERR439601,131,11791_3#69,2011,R,R,R,,R,R,R,R,S,S,S,R
ERR439638,131,11791_6#11,2012,S,S,S,,S,S,S,S,S,S,S,S
ERR439629,131,11791_6#1,2007,S,S,R,,S,S,S,S,R,S,S,S
ERR439635,131,11791_6#7,2009,S,S,R,,R,S,R,S,S,R,R,R
ERR439636,131,11791_6#9,2010,S,S,S,,S,S,S,S,S,S,S,R
ERR439685,131,11791_7#21,2009,S,S,R,,S,S,S,S,S,S,S,S
ERR439667,131,11791_7#2,2007,S,S,R,,R,S,S,S,S,R,R,R
ERR439670,131,11791_7#5,2007,S,S,R,,S,S,S,S,R,R,R,R
ERR439672,131,11791_7#7,2007,R,R,R,,S,S,R,R,S,S,S,R
ERR434643,135,11658_4#1,2006,S,S,S,,S,S,R,S,S,S,S,S
ERR435028,136,11658_8#25,2007,S,S,S,,S,S,S,S,S,S,S,S
ERR435105,141,11679_4#6,2010,S,S,R,,S,S,S,S,S,S,S,S
ERR434364,144,11657_6#10,2010,S,S,S,,S,S,S,S,S,S,S,S
ERR434480,144,11657_7#30,2010,S,S,R,,S,S,S,S,S,S,S,S
ERR434763,144,11658_5#25,2008,S,S,S,,S,S,S,S,S,S,S,S
ERR434772,144,11658_5#34,2009,S,S,S,,S,S,S,S,S,S,R,S
ERR435196,144,11679_5#1,2008,S,S,R,,S,S,S,S,S,S,S,S
ERR435400,144,11679_7#13,2012,S,S,R,,S,S,S,S,S,S,S,S
ERR434962,155,11658_7#32,2012,S,S,R,,S,S,S,S,S,S,S,S
ERR434943,349,11658_7#13,2008,S,S,R,,R,R,R,S,S,S,R,S
ERR434369,357,11657_6#15,2010,S,S,R,,S,S,S,S,S,S,S,S
ERR434363,357,11657_6#9,2010,S,S,S,,S,S,S,S,S,S,S,S
ERR434474,357,11657_7#24,2012,S,S,S,,S,S,S,S,S,S,S,S
ERR434556,357,11658_3#10,2011,S,S,S,,S,S,R,S,S,S,S,S
ERR434775,357,11658_5#37,2009,S,S,S,,S,S,S,S,S,S,S,S
ERR435304,357,11679_6#13,2012,S,S,S,,S,S,S,S,S,S,S,S
ERR435397,357,11679_7#10,2012,S,S,S,,S,S,S,S,S,S,S,S
ERR439674,357,11791_7#10,2008,S,S,S,,S,S,S,S,S,S,S,S
ERR434274,361,11657_5#16,2011,S,S,R,,R,S,R,S,R,R,R,R
ERR435045,372,11658_8#42,2009,S,S,R,,S,S,S,S,S,S,R,S
ERR434785,390,11658_5#47,2011,S,S,S,,S,S,S,S,S,S,S,S
ERR435040,390,11658_8#37,2009,S,S,S,,S,S,S,S,S,S,S,S
ERR434760,393,11658_5#22,2008,S,S,R,,R,S,S,S,S,S,R,R
ERR434776,393,11658_5#38,2009,S,S,R,,R,S,R,R,S,S,R,R
ERR434961,393,11658_7#31,2012,S,S,R,,S,S,S,S,S,S,R,R
ERR435042,393,11658_8#39,2009,S,S,R,,S,S,S,S,S,S,R,R
ERR434855,404,11658_6#21,2008,S,S,R,,S,S,S,S,S,S,S,S
ERR434941,404,11658_7#11,2008,S,S,R,,R,S,S,S,S,S,S,S
ERR434858,405,11658_6#24,2009,S,S,R,,R,S,R,S,S,S,R,S
ERR434940,405,11658_7#10,2008,S,S,S,,S,S,S,S,S,S,S,S
ERR434934,405,11658_7#4,2007,S,S,R,,S,S,S,S,S,S,S,S
ERR435035,405,11658_8#32,2008,S,S,R,,S,S,S,S,S,S,R,S
ERR435054,405,11658_8#51,2012,S,S,S,,S,S,S,S,S,S,S,S
ERR435389,420,11679_7#2,2010,S,S,S,,S,S,S,S,S,S,S,S
ERR434637,421,11658_3#91,2011,S,S,R,,S,S,S,S,S,S,R,S
ERR435294,421,11679_6#3,2010,S,S,S,,S,S,S,S,S,S,S,S
ERR434276,428,11657_5#18,2011,S,S,S,,S,S,S,S,S,S,S,S
ERR434864,428,11658_6#30,2009,S,S,S,,S,S,S,S,S,S,S,S
ERR434872,428,11658_6#38,2011,S,S,R,,S,S,S,S,S,S,S,S
ERR434552,442,11658_3#6,2010,S,S,S,,S,S,S,S,S,S,S,S
ERR434665,448,11658_4#23,2012,S,S,R,,R,,S,S,S,S,S,R
ERR434263,453,11657_5#5,2007,S,S,R,,S,S,S,S,R,R,R,S
ERR434355,453,11657_6#1,2007,S,S,R,,S,S,S,S,S,S,R,R
ERR434459,453,11657_7#9,2010,S,S,R,,S,S,S,S,S,S,S,R
ERR439535,457,11791_3#3,2012,S,S,R,,S,S,S,S,S,S,S,S
ERR434648,538,11658_4#6,2008,S,S,S,,S,S,S,S,S,S,S,S
ERR435486,538,11679_8#3,2011,S,S,R,,R,S,R,R,S,S,S,S
ERR434870,540,11658_6#36,2010,S,S,R,,R,R,S,S,S,S,R,S
ERR439691,547,11791_7#27,2012,S,S,R,,S,S,R,R,S,S,S,S
ERR434281,550,11657_5#23,2012,S,S,S,,S,S,S,S,S,S,S,S
ERR434372,550,11657_6#18,2011,S,S,R,,S,S,S,S,S,S,S,S
ERR434465,550,11657_7#15,2011,S,S,S,,S,S,S,S,S,S,S,S
ERR435113,550,11679_4#14,2012,S,S,S,,S,S,S,S,S,S,S,S
ERR435047,567,11658_8#44,2011,S,S,S,,S,S,S,S,S,S,S,S
ERR434950,569,11658_7#20,2009,S,S,S,,S,S,S,S,S,S,S,S
ERR435052,569,11658_8#49,2011,S,S,S,,S,S,S,S,S,S,S,S
ERR435407,624,11679_7#20,2012,S,S,S,,S,S,S,S,S,S,R,R
ERR434863,625,11658_6#29,2009,S,S,R,,S,R,S,S,S,S,S,S
ERR434646,635,11658_4#4,2007,S,S,S,,S,S,S,S,S,S,S,S
ERR434464,646,11657_7#14,2010,S,S,S,,S,S,S,S,S,S,S,S
ERR434559,648,11658_3#13,2010,S,S,R,,R,S,R,R,R,R,R,R
ERR434741,648,11658_5#3,2007,S,S,R,,S,S,S,S,S,S,R,R
ERR435033,648,11658_8#30,2008,R,R,R,,R,S,R,R,R,R,S,R
ERR435100,648,11679_4#1,2007,S,R,R,,R,S,R,R,S,S,R,R
ERR439671,648,11791_7#6,2007,S,S,R,,R,R,R,R,S,R,R,R
ERR435296,753,11679_6#5,2010,S,S,R,,R,S,R,R,S,S,S,S
ERR434955,5576,11658_7#25,2009,S,S,S,,S,S,S,S,S,S,S,S
ERR435036,963,11658_8#33,2008,R,R,R,,S,S,R,R,S,S,S,S
ERR435488,963,11679_8#5,2011,S,S,S,,S,S,S,S,S,S,S,S
ERR434790,973,11658_5#52,2012,S,S,S,,S,S,S,R,S,S,S,S
ERR434558,976,11658_3#12,2011,S,S,S,,S,S,S,S,S,S,S,S
ERR434781,998,11658_5#43,2011,S,S,R,,R,S,S,S,S,S,S,S
ERR435201,998,11679_5#6,2012,S,S,R,,R,S,S,S,S,S,R,S
ERR434359,5663,11657_6#5,2009,S,S,S,,S,S,S,S,S,S,S,S
ERR434841,1148,11658_6#7,2007,S,S,S,,S,S,S,S,S,S,R,S
ERR434865,5629,11658_6#31,2009,S,S,S,,S,S,S,S,S,S,S,S
ERR435202,1170,11679_5#7,2012,S,S,S,,S,S,S,S,S,S,S,S
ERR435305,1193,11679_6#14,2012,S,S,R,,S,S,S,S,R,R,R,R
ERR434958,5589,11658_7#28,2011,S,S,S,,S,S,S,S,S,S,S,S
ERR434358,1431,11657_6#4,2008,S,S,R,,S,S,S,S,S,S,R,R
ERR434783,1431,11658_5#45,2011,S,S,R,,R,S,S,S,S,S,R,R
ERR434262,5338,11657_5#4,2007,S,S,S,,S,,S,S,S,S,S,S
ERR439673,1485,11791_7#9,2008,S,S,S,,S,S,S,S,S,S,S,S
ERR434970,1494,11658_7#40,2011,S,S,S,,S,S,S,S,S,S,S,S
ERR434848,1594,11658_6#14,2008,S,S,S,,S,S,S,S,S,S,R,R
ERR434362,1618,11657_6#8,2010,S,S,S,,S,S,S,S,S,S,S,S
ERR434548,1722,11658_3#2,2010,S,S,R,,R,S,R,R,S,S,R,S
ERR435303,1979,11679_6#12,2011,S,S,R,,R,S,S,S,S,S,R,S
ERR434547,2015,11658_3#1,2007,S,S,S,,S,S,S,S,S,S,S,S
ERR434267,2067,11657_5#9,2009,S,S,S,,S,S,S,S,S,S,S,S
ERR434279,2526,11657_5#21,2012,S,S,S,,S,S,S,S,S,S,S,S
ERR434651,2773,11658_4#9,2008,S,S,S,,S,S,S,S,S,S,S,S
ERR435203,2802,11679_5#8,2012,S,S,S,,S,S,S,S,S,S,S,S
ERR435293,2967,11679_6#2,2010,S,S,S,,S,S,S,S,S,S,S,S
ERR435302,4702,11679_6#11,2011,S,R,R,,S,S,R,R,S,S,S,S
ERR434268,223,11657_5#10,2010,S,S,S,,S,S,S,S,S,S,S,S
ERR1218534,,18090_6#33,2014,R,R,R,,R,R,R,R,S,S,R,S
ERR1218535,131,18090_6#34,2015,S,R,R,,R,S,R,R,R,R,R,R
ERR1218536,131,18090_6#35,2015,S,R,R,,S,S,R,R,R,R,S,R
ERR1218537,542,18090_6#36,2015,S,R,R,,S,S,R,R,R,R,R,S
ERR1218538,5940,18090_6#37,2015,R,R,R,,R,S,R,R,R,S,S,R
ERR1218539,38,18090_6#38,2015,S,R,R,,R,S,R,R,S,S,R,S
ERR1218540,46,18090_6#39,2015,R,R,R,,R,R,R,R,R,R,R,R
ERR1218541,617,18090_6#40,2015,S,R,R,,S,S,R,R,S,S,S,R
ERR1218542,131,18090_6#41,2015,S,R,R,,S,S,R,R,S,S,R,R
ERR1218543,5941,18090_6#42,2015,S,R,R,,S,S,R,R,S,S,S,R
ERR1218544,131,18090_6#43,2015,S,R,R,,S,S,R,R,R,R,R,R
ERR1218545,131,18090_6#44,2015,S,R,R,,S,S,R,R,R,R,R,R
ERR1218546,58,18090_6#45,2015,R,R,R,,R,R,R,R,R,R,R,R
ERR1218547,542,18090_6#46,2015,R,R,R,,S,S,R,R,R,R,R,S
ERR1218548,93,18090_6#47,2015,S,R,R,,S,S,R,R,R,R,R,S
ERR1218549,101,18090_6#48,2015,S,R,R,,R,S,R,R,R,S,S,S
ERR1218550,101,18090_6#49,2015,S,R,R,,R,S,R,R,R,S,S,S
ERR1218551,58,18090_6#50,2015,S,R,R,,R,S,R,R,R,R,R,S
ERR1218552,206,18090_6#51,2015,R,R,R,,R,S,R,R,R,R,R,R
ERR1218553,641,18090_6#52,2015,S,R,R,,S,S,R,R,R,R,R,R
ERR1218554,10,18090_6#53,2015,S,R,R,,S,S,R,R,R,R,R,S
ERR1218555,953,18090_6#54,2015,R,R,R,,R,S,R,R,R,R,R,R
ERR1218556,744,18090_6#55,2015,R,R,R,,S,S,R,R,R,R,R,R
ERR1218557,131,18090_6#56,2015,S,R,R,,S,S,R,R,R,R,R,S
ERR1218558,,18090_6#57,2015,R,R,R,,S,S,R,R,S,S,R,R
ERR1218559,1602,18090_6#58,2014,R,R,R,,S,S,R,R,R,R,R,R
ERR1218560,405,18090_6#59,2015,R,R,R,,R,S,R,R,R,R,R,R
ERR1218561,3045,18090_6#60,2015,R,R,R,,S,S,R,R,S,S,S,S
ERR1218562,10,18090_6#61,2015,R,R,R,,S,S,R,R,R,R,S,S
ERR1218563,10,18090_6#62,2015,R,R,R,,R,R,R,R,R,R,S,R
ERR1218564,88,18090_6#63,2015,S,R,R,,S,S,R,R,R,R,R,R
ERR1218581,457,18090_6#80,2014,R,R,R,,S,S,R,R,R,R,R,R
ERR1218582,131,18090_6#81,2014,S,R,R,,S,S,R,R,S,S,R,R
ERR1218583,69,18090_6#82,2014,R,R,R,,R,S,R,R,R,R,R,S
ERR1218584,428,18090_6#83,2014,R,R,R,,S,S,R,R,S,R,S,S
ERR1218585,38,18090_6#84,2014,S,R,R,,S,S,R,R,R,R,R,R
ERR1218586,405,18090_6#85,2014,R,R,R,,R,R,R,R,S,R,R,R
ERR1218587,75,18090_6#86,2014,R,R,R,,R,S,R,R,R,R,R,S
ERR1218588,44,18090_6#87,2015,R,R,R,,R,R,R,R,S,S,R,R
ERR1218589,131,18090_6#88,2015,S,R,R,,R,S,R,R,R,R,R,R
ERR1218590,69,18090_6#89,2015,R,R,R,,R,S,R,R,R,R,R,R
ERR1218591,442,18090_6#90,2015,S,R,R,,S,S,R,R,R,R,S,S
ERR1218592,131,18090_6#91,2015,S,R,R,,R,S,R,R,R,S,S,R
ERR1218593,457,18090_6#92,2015,R,R,R,,S,S,R,R,R,R,R,S
ERR1218594,354,18090_6#93,2015,S,R,R,,R,S,R,R,R,R,R,R
ERR1218595,38,18090_6#94,2015,S,R,R,,R,S,R,R,R,S,R,S
ERR1218596,196,18090_6#95,2015,R,R,R,,S,S,R,R,R,R,S,S
ERR1218606,131,18090_7#10,2015,S,R,R,,R,S,R,R,R,R,S,R
ERR1218607,131,18090_7#11,2015,S,R,R,,R,S,R,R,R,R,R,R
ERR1218608,2003,18090_7#12,2015,R,R,R,,S,S,R,R,R,R,R,R
ERR1218609,131,18090_7#13,2015,R,R,R,,R,R,R,R,R,R,R,R
ERR1218610,410,18090_7#14,2015,R,R,R,,S,S,R,R,R,R,S,R
ERR1218611,405,18090_7#15,2015,R,R,R,,R,S,R,R,R,R,R,R
ERR1218612,405,18090_7#16,2015,R,R,R,,R,R,R,R,R,R,R,R
ERR1218613,5942,18090_7#17,2015,S,R,R,,S,S,R,R,R,R,R,R
ERR1218614,38,18090_7#18,2015,R,R,R,,S,S,R,R,S,S,R,S
ERR1218615,95,18090_7#19,2015,R,R,R,,S,S,R,R,R,S,S,S
ERR1218597,2003,18090_7#1,2015,R,R,R,,R,S,R,R,R,R,R,R
ERR1218616,131,18090_7#20,2015,S,R,R,,R,S,R,R,R,R,R,R
ERR1218617,648,18090_7#21,2015,R,R,R,,R,S,R,R,R,R,R,R
ERR1218618,354,18090_7#22,2015,S,R,R,,S,S,R,R,R,R,R,R
ERR1218619,2186,18090_7#23,2015,S,R,R,,R,S,R,R,R,R,S,S
ERR1218620,457,18090_7#24,2015,S,R,R,,S,S,R,R,R,R,R,R
ERR1218621,44,18090_7#25,2015,R,R,R,,R,S,R,R,R,R,R,R
ERR1218622,131,18090_7#26,2015,S,R,R,,S,S,R,R,R,R,R,R
ERR1218623,131,18090_7#27,2015,R,R,R,,S,S,R,R,S,S,S,R
ERR1218624,131,18090_7#28,2015,S,R,R,,S,S,R,R,R,R,R,S
ERR1218625,131,18090_7#29,2015,S,R,R,,S,S,R,R,S,S,S,R
ERR1218598,131,18090_7#2,2015,R,R,R,,R,R,R,R,S,S,S,R
ERR1218626,-48,18090_7#30,2015,R,R,R,,S,S,R,R,S,S,R,R
ERR1218627,410,18090_7#31,2015,R,R,R,,R,R,R,R,R,R,S,R
ERR1218628,131,18090_7#32,2015,S,R,R,,S,S,R,R,S,S,S,S
ERR1218629,1193,18090_7#33,2015,R,R,R,,S,S,R,R,R,R,R,R
ERR1218630,-47,18090_7#34,2015,R,R,R,,R,S,R,R,R,R,S,R
ERR1218631,421,18090_7#35,2015,S,R,R,,S,S,R,R,R,S,R,S
ERR1218632,131,18090_7#36,2015,S,R,R,,S,S,R,R,R,R,R,R
ERR1218633,131,18090_7#37,2015,S,R,R,,R,S,R,R,R,R,R,R
ERR1218634,648,18090_7#38,2015,S,R,R,,R,S,R,R,R,R,R,R
ERR1218635,-49,18090_7#39,2015,R,R,R,,S,S,R,R,R,R,R,R
ERR1218599,457,18090_7#3,2015,S,R,R,,S,S,R,R,R,R,R,R
ERR1218636,457,18090_7#40,2015,S,R,R,,R,S,R,R,R,R,S,R
ERR1218637,-44,18090_7#41,2015,S,R,R,,S,S,R,R,S,S,R,R
ERR1218639,457,18090_7#43,2015,R,R,R,,S,S,R,R,R,R,R,S
ERR1218640,127,18090_7#44,2015,R,R,R,,S,S,R,R,R,R,S,S
ERR1218641,10,18090_7#45,2015,R,R,R,,R,S,R,R,R,R,S,S
ERR1218642,542,18090_7#46,2015,R,R,R,,S,S,R,R,R,R,R,S
ERR1218643,,18090_7#47,2015,S,R,R,,R,S,R,R,R,R,S,S
ERR1218644,5943,18090_7#48,2015,S,R,R,,S,S,R,R,S,S,R,R
ERR1218645,5943,18090_7#49,2015,S,R,R,,S,S,R,R,S,S,R,R
ERR1218600,405,18090_7#4,2015,R,R,R,,R,S,R,R,S,R,R,R
ERR1218646,2003,18090_7#50,2015,R,R,R,,S,S,R,R,R,R,R,R
ERR1218647,2003,18090_7#51,2015,R,R,R,,S,S,R,R,R,R,R,R
ERR1218648,218,18090_7#52,2015,S,R,R,,S,S,R,R,R,R,S,S
ERR1218649,877,18090_7#53,2015,S,R,R,,S,S,R,R,R,S,R,S
ERR1218650,48,18090_7#54,2015,S,R,R,,S,S,R,R,R,S,R,R
ERR1218651,48,18090_7#55,2015,R,R,R,,S,S,R,R,R,R,S,R
ERR1218652,6622,18090_7#56,2015,S,R,R,,S,S,R,R,R,R,R,S
ERR1218653,1485,18090_7#57,2015,R,R,R,,R,R,R,R,S,S,R,S
ERR1218654,405,18090_7#58,2015,S,R,R,,R,S,R,R,R,R,R,R
ERR1218655,5944,18090_7#59,2015,R,R,R,,S,S,R,R,R,R,R,R
ERR1218601,131,18090_7#5,2015,S,R,R,,R,S,R,R,R,R,S,R
ERR1218656,538,18090_7#60,2015,R,R,R,,R,S,R,R,R,R,R,S
ERR1218658,4214,18090_7#62,2015,S,R,R,,S,S,R,R,S,S,R,S
ERR1218659,5945,18090_7#63,2015,S,R,R,,S,S,R,R,R,R,R,S
ERR1218660,48,18090_7#64,2015,S,R,R,,S,S,R,R,S,S,R,S
ERR1218661,746,18090_7#65,2015,S,R,R,,R,S,R,R,R,R,R,R
ERR1218662,205,18090_7#66,2015,S,R,R,,S,S,R,R,S,S,R,R
ERR1218663,10,18090_7#67,2015,S,R,R,,S,S,R,R,R,R,S,R
ERR1218664,191,18090_7#68,2015,R,R,R,,S,S,R,R,R,R,R,S
ERR1218665,1295,18090_7#69,2015,S,R,R,,R,S,R,R,R,R,R,S
ERR1218602,2179,18090_7#6,2015,R,R,R,,S,S,R,R,R,R,S,R
ERR1218666,1642,18090_7#70,2015,S,R,R,,S,S,R,R,S,S,S,S
ERR1218667,3045,18090_7#71,2015,R,R,R,,S,S,R,R,S,S,S,S
ERR1218668,165,18090_7#72,2015,R,R,R,,S,S,R,R,R,R,R,S
ERR1218669,165,18090_7#73,2015,R,R,R,,S,S,R,R,R,R,R,S
ERR1218670,5558,18090_7#74,2015,R,R,R,,S,S,R,R,S,S,S,S
ERR1218671,5558,18090_7#75,2015,R,R,R,,S,S,R,R,S,S,S,S
ERR1218672,3045,18090_7#76,2015,R,R,R,,S,S,R,R,S,S,S,S
ERR1218673,3045,18090_7#77,2015,R,R,R,,S,S,R,R,S,S,S,S
ERR1218674,1056,18090_7#78,2015,R,R,R,,R,S,R,R,R,R,R,S
ERR1218675,1196,18090_7#79,2015,S,R,R,,R,S,R,R,S,S,S,R
ERR1218603,-47,18090_7#7,2015,S,R,R,,S,S,R,R,S,S,R,R
ERR1218676,847,18090_7#80,2015,R,R,R,,S,S,R,R,R,R,R,S
ERR1218677,1196,18090_7#81,2015,S,R,R,,R,S,R,R,S,S,S,R
ERR1218678,38,18090_7#82,2015,S,R,R,,S,S,R,R,S,S,S,S
ERR1218679,38,18090_7#83,2015,S,R,R,,S,S,R,R,S,S,S,S
ERR1218680,38,18090_7#84,2015,S,R,R,,S,S,R,R,S,S,S,S
ERR1218681,3268,18090_7#85,2015,S,R,R,,S,S,R,R,R,R,S,S
ERR1218682,131,18090_7#86,2015,R,R,R,,S,S,R,R,S,S,R,R
ERR1218683,398,18090_7#87,2015,S,R,R,,R,S,R,R,R,R,R,S
ERR1218684,131,18090_7#88,2015,S,R,R,,R,S,R,R,R,R,R,R
ERR1218685,196,18090_7#89,2015,S,R,R,,R,S,R,R,R,R,S,S
ERR1218604,410,18090_7#8,2015,R,R,R,,S,S,R,R,R,R,S,R
ERR1218686,1001,18090_7#90,2015,S,R,R,,S,S,R,R,R,R,S,S
ERR1218687,-52,18090_7#91,2015,R,R,R,,S,S,R,R,S,S,S,S
ERR1218688,877,18090_7#92,2015,R,R,R,,S,S,R,R,R,S,S,S
ERR1218689,-47,18090_7#93,2015,R,R,R,,S,S,R,R,S,S,R,R
ERR1218690,354,18090_7#94,2015,R,R,R,,R,R,R,R,R,R,R,R
ERR1218605,405,18090_7#9,2015,R,R,R,,R,S,R,R,R,R,R,R
ERR1218700,10,18090_8#10,2015,R,R,R,,R,R,R,R,R,R,S,R
ERR1218701,48,18090_8#11,2015,R,R,R,,S,S,R,R,R,R,R,R
ERR1218702,5948,18090_8#12,2015,S,R,R,,S,S,R,R,R,S,R,S
ERR1218703,20,18090_8#13,2015,R,R,R,,S,S,R,R,R,R,S,S
ERR1218704,20,18090_8#14,2015,R,R,R,,S,S,R,R,R,R,S,S
ERR1218705,405,18090_8#15,2015,R,R,R,,R,R,R,R,R,R,R,R
ERR1218706,38,18090_8#16,2015,S,R,R,,S,S,R,R,S,S,S,S
ERR1218707,410,18090_8#17,2015,R,R,R,,S,S,R,R,R,R,R,R
ERR1218708,2003,18090_8#18,2015,R,R,R,,S,S,R,R,R,R,R,R
ERR1218709,93,18090_8#19,2015,S,R,R,,S,S,R,R,R,R,R,S
ERR1218691,1585,18090_8#1,2015,S,R,R,,R,R,R,R,S,R,R,R
ERR1218710,5949,18090_8#20,2015,S,R,R,,S,S,R,R,R,R,R,S
ERR1218711,1295,18090_8#21,2015,S,R,R,,R,S,R,R,R,R,R,S
ERR1218712,354,18090_8#22,2015,R,R,R,,S,S,R,R,R,R,R,R
ERR1218713,354,18090_8#23,2015,R,R,R,,S,S,R,R,R,R,R,R
ERR1218714,10,18090_8#24,2015,R,R,R,,S,S,R,R,R,R,R,R
ERR1218715,10,18090_8#25,2015,S,R,R,,S,S,R,R,R,R,S,R
ERR1218716,88,18090_8#26,2015,S,R,R,,R,S,R,R,R,S,S,R
ERR1218717,2165,18090_8#27,2015,R,R,R,,R,S,R,R,R,R,R,S
ERR1218718,410,18090_8#28,2015,R,R,R,,R,S,R,R,S,R,R,R
ERR1218719,5950,18090_8#29,2015,S,R,R,,S,S,R,R,R,R,R,R
ERR1218692,34,18090_8#2,2015,S,R,R,,S,S,R,R,S,S,R,R
ERR1218720,5951,18090_8#30,2015,S,R,R,,S,S,R,R,R,R,R,S
ERR1218721,10,18090_8#31,2015,R,R,R,,R,R,R,R,R,R,S,R
ERR1218723,654,18090_8#33,2015,S,R,R,,R,S,R,R,R,R,S,S
ERR1218693,1585,18090_8#3,2015,R,R,R,,R,R,R,R,S,R,R,R
ERR1218736,,18090_8#46,2015,S,S,R,,S,S,S,S,S,S,S,S
ERR1218694,5946,18090_8#4,2015,S,R,R,,S,S,R,R,R,R,S,R
ERR1218695,345,18090_8#5,2015,S,R,R,,S,S,R,R,R,S,S,S
ERR1218696,716,18090_8#6,2015,S,R,R,,S,S,R,R,S,S,S,S
ERR1218697,345,18090_8#7,2015,S,R,R,,S,S,R,R,R,R,R,R
ERR1218774,,18090_8#84,2015,S,R,R,,S,S,R,R,S,S,S,S
ERR1218698,5947,18090_8#8,2015,R,R,R,,S,S,R,R,R,S,R,R
ERS1995070,394,24742_1#100,,S,S,R,,,,S,S,S,S,S,S
ERS1995071,12,24742_1#101,,S,S,R,,,,S,S,S,S,S,S
ERS1995072,297,24742_1#102,,S,S,R,,,,S,S,S,S,S,S
ERS1995073,141,24742_1#103,,S,S,S,,,,S,S,S,S,S,S
ERS1995075,409,24742_1#105,,S,S,R,,,,S,S,S,S,S,S
ERS1994945,73,24742_1#11,2017,S,S,R,,,,R,S,S,S,S,S
ERS1995095,7100,24742_1#125,,S,S,S,,,,S,S,S,S,S,S
ERS1995097,95,24742_1#127,,S,S,S,,,,S,S,S,S,S,S
ERS1995098,48,24742_1#128,,S,S,S,,,,S,S,S,S,S,S
ERS1994946,43,24742_1#12,2017,S,S,R,,,,S,S,S,S,R,S
ERS1995100,10,24742_1#130,,S,S,S,,,,S,S,S,S,S,S
ERS1995103,3381,24742_1#133,,S,S,S,,,,S,S,S,S,S,S
ERS1995104,6271,24742_1#134,1997,S,S,S,,,,S,S,S,S,S,S
ERS1995106,131,24742_1#135,,S,S,R,,,,S,R,S,R,S,S
ERS1995112,93,24742_1#137,,S,S,S,,,,S,S,S,S,R,S
ERS1995113,8863,24742_1#138,,S,S,S,,,,S,S,S,S,S,S
ERS1995114,100,24742_1#139,,S,S,R,,,,S,S,S,R,S,S
ERS1994947,224,24742_1#13,2017,S,S,R,,,,S,S,S,S,R,S
ERS1995115,617,24742_1#140,2012,R,R,R,,,,R,R,R,R,R,R
ERS1995116,3,24742_1#141,,S,S,R,,,,S,S,S,S,S,S
ERS1995117,448,24742_1#142,,R,R,R,,,,R,R,R,R,R,R
ERS1995118,11,24742_1#143,,S,S,S,,,,S,S,S,S,S,S
ERS1995119,73,24742_1#144,,S,S,R,,,,S,R,S,R,S,S
ERS1995122,10,24742_1#145,2013,S,S,R,,,,S,R,S,S,R,S
ERS1995124,10,24742_1#146,,S,S,R,,,,S,S,S,S,S,S
ERS1995126,12,24742_1#148,1999,S,S,R,,,,S,R,S,S,R,S
ERS1995127,4627,24742_1#149,,S,S,R,,,,S,S,R,R,S,S
ERS1994948,69,24742_1#14,2017,S,R,R,,,,R,S,S,S,R,S
ERS1995128,10,24742_1#150,,S,S,S,,,,S,S,S,S,S,S
ERS1995131,10,24742_1#153,,S,S,R,,,,S,S,S,S,R,S
ERS1995132,73,24742_1#154,,R,S,R,,,,R,R,S,S,S,R
ERS1995133,590,24742_1#155,,S,S,R,,,,S,S,S,S,S,S
ERS1995137,127,24742_1#156,2013,R,R,R,,,,R,R,R,R,S,R
ERS1995138,8862,24742_1#157,2002,R,R,R,,,,R,R,R,R,S,R
ERS1995140,599,24742_1#158,,S,S,R,,,,S,S,S,S,S,S
ERS1995141,10,24742_1#159,1994,S,S,S,,,,S,S,S,S,S,S
ERS1994950,10,24742_1#15,2017,S,S,R,,,,S,S,S,S,S,S
ERS1995146,1679,24742_1#162,,S,S,S,,,,S,S,S,R,S,S
ERS1995150,70,24742_1#164,1998,S,S,R,,,,S,S,S,S,S,S
ERS1995152,59,24742_1#165,2005,S,S,S,,,,S,S,S,R,R,S
ERS1995155,597,24742_1#166,1999,S,S,R,,,,S,S,S,S,R,S
ERS1995156,443,24742_1#167,,R,S,R,,,,S,R,S,S,S,S
ERS1995157,8861,24742_1#168,2005,R,S,R,,,,R,R,R,R,S,S
ERS1995162,73,24742_1#169,,S,S,R,,,,S,S,S,R,R,S
ERS1994951,1973,24742_1#16,2017,S,S,S,,,,S,S,S,S,S,S
ERS1995167,409,24742_1#170,2017,S,S,R,,,,S,S,S,S,S,S
ERS1995168,390,24742_1#171,2017,S,S,R,,,,S,S,S,S,S,S
ERS1995170,2320,24742_1#172,2017,S,S,R,,,,S,S,S,S,S,S
ERS1995171,131,24742_1#173,2017,R,R,R,,,,R,R,S,S,R,R
ERS1995172,69,24742_1#174,2017,S,S,R,,,,S,S,S,S,S,S
ERS1995173,2320,24742_1#175,2017,S,S,R,,,,S,S,S,S,S,S
ERS1995174,69,24742_1#176,2017,S,S,S,,,,S,S,S,S,S,S
ERS1995175,6152,24742_1#177,2017,S,S,R,,,,S,S,S,S,S,S
ERS1995176,12,24742_1#178,2017,S,S,R,,,,R,S,S,S,S,S
ERS1995177,354,24742_1#179,2017,R,S,R,,,,R,R,S,S,S,R
ERS1994952,38,24742_1#17,2017,S,S,R,,,,S,S,S,S,S,S
ERS1995178,543,24742_1#180,2017,S,S,S,,,,R,S,S,S,S,S
ERS1995179,117,24742_1#181,2017,S,S,S,,,,S,S,S,S,S,S
ERS1995180,48,24742_1#182,2017,S,S,R,,,,S,R,S,S,R,S
ERS1995181,131,24742_1#183,2017,R,R,R,,,,R,R,S,S,R,R
ERS1995182,73,24742_1#184,2017,S,S,S,,,,S,S,S,S,S,S
ERS1995184,354,24742_1#185,2017,R,S,S,,,,R,R,S,S,S,R
ERS1995185,69,24742_1#186,2017,S,S,S,,,,S,S,S,S,S,S
ERS1995186,73,24742_1#187,2017,S,S,R,,,,S,S,S,S,S,S
ERS1995187,354,24742_1#188,2017,S,S,R,,,,R,R,S,S,S,R
ERS1995188,69,24742_1#189,2017,S,S,R,,,,S,S,S,S,S,S
ERS1994956,10,24742_1#18,2017,S,S,R,,,,S,S,S,S,S,R
ERS1995189,2320,24742_1#190,2017,R,S,R,,,,S,S,S,S,S,S
ERS1995192,131,24742_1#191,2017,R,R,R,,,,R,R,S,S,R,R
ERS1995193,62,24742_1#192,2017,S,S,R,,,,S,S,S,S,R,S
ERS1995194,69,24742_1#193,2017,S,S,R,,,,S,S,S,S,S,S
ERS1995195,131,24742_1#194,2017,R,R,R,,,,R,R,S,S,R,R
ERS1995197,69,24742_1#195,2017,R,S,R,,,,S,S,S,S,R,S
ERS1995198,88,24742_1#196,2017,R,S,R,,,,R,R,S,S,R,R
ERS1995199,1146,24742_1#197,2017,S,S,S,,,,S,S,S,S,S,S
ERS1995200,720,24742_1#198,2017,S,S,R,,,,S,S,S,S,S,S
ERS1995201,405,24742_1#199,2017,S,S,R,,,,S,S,S,S,S,S
ERS1994958,69,24742_1#19,2017,S,S,R,,,,S,S,S,S,S,S
ERS1994919,131,24742_1#1,2008,R,R,R,,,,R,R,S,R,R,R
ERS1995202,9781,24742_1#200,2017,S,S,R,,,,S,S,S,S,R,S
ERS1995203,710,24742_1#201,2017,S,S,S,,,,S,S,S,S,S,S
ERS1995206,10,24742_1#204,,S,S,S,,,,S,S,S,S,S,S
ERS1995210,38,24742_1#205,2008,R,R,R,,,,R,R,R,R,R,S
ERS1995213,43,24742_1#207,2008,R,R,R,,,,R,R,R,R,R,R
ERS1995214,453,24742_1#208,2008,R,R,R,,,,R,R,S,S,R,S
ERS1995215,131,24742_1#209,2008,R,R,R,,,,R,R,R,R,R,S
ERS1994961,93,24742_1#20,2017,S,S,R,,,,S,S,S,S,S,S
ERS1995216,224,24742_1#210,2008,R,R,R,,,,R,R,R,R,R,R
ERS1995217,648,24742_1#211,2008,R,R,R,,,,R,R,R,R,R,R
ERS1995218,12,24742_1#212,2008,R,R,R,,,,R,R,R,R,R,S
ERS1995219,58,24742_1#213,2008,R,R,R,,,,R,R,S,S,R,S
ERS1995220,131,24742_1#214,2008,R,R,R,,,,R,R,R,R,R,R
ERS1995221,648,24742_1#215,2008,R,R,R,,,,R,R,R,R,S,R
ERS1995223,1444,24742_1#216,2008,R,R,R,,,,R,R,R,R,R,S
ERS1995224,167,24742_1#217,2008,R,R,R,,,,R,R,S,R,R,R
ERS1995225,2141,24742_1#218,2009,R,R,R,,,,R,R,S,S,R,S
ERS1995227,73,24742_1#219,2008,R,S,R,,,,S,R,S,R,S,S
ERS1994963,58,24742_1#21,2017,S,S,R,,,,S,S,R,R,S,S
ERS1995229,1140,24742_1#220,2009,R,R,R,,,,R,R,S,R,R,R
ERS1995231,648,24742_1#221,2009,R,R,R,,,,R,R,R,R,R,R
ERS1995232,69,24742_1#222,2009,R,R,R,,,,R,R,R,R,R,R
ERS1995233,131,24742_1#223,2009,R,R,R,,,,R,R,S,R,R,R
ERS1995235,38,24742_1#224,2009,R,R,R,,,,R,R,R,R,R,R
ERS1995236,648,24742_1#225,2009,R,R,R,,,,R,R,R,R,R,R
ERS1995238,617,24742_1#226,2009,R,R,R,,,,R,R,R,R,R,R
ERS1995239,8864,24742_1#227,2009,R,R,R,,,,R,R,S,S,R,R
ERS1995240,131,24742_1#228,2009,R,R,R,,,,R,R,S,R,R,R
ERS1995241,131,24742_1#229,2009,R,R,R,,,,R,R,S,R,R,R
ERS1995242,131,24742_1#230,2009,R,R,R,,,,R,R,S,S,S,R
ERS1995243,38,24742_1#231,2009,R,R,R,,,,R,R,S,S,R,R
ERS1995244,457,24742_1#362,2009,R,R,R,,,,R,R,R,R,R,R
ERS1995245,131,24742_1#232,2009,R,R,R,,,,R,R,R,R,R,R
ERS1995248,43,24742_1#233,2009,R,R,R,,,,R,R,R,R,R,R
ERS1995250,617,24742_1#234,2009,R,R,R,,,,R,R,R,R,R,R
ERS1995252,372,24742_1#235,2009,R,R,R,,,,R,R,R,R,R,S
ERS1995253,1284,24742_1#236,2009,R,R,R,,,,R,R,R,R,R,R
ERS1995254,131,24742_1#237,2009,R,R,R,,,,R,R,S,R,R,S
ERS1995255,38,24742_1#238,2009,R,R,R,,,,R,R,R,R,R,S
ERS1995256,38,24742_1#239,2009,R,R,R,,,,R,R,R,R,R,S
ERS1995258,10,24742_1#240,2009,R,R,R,,,,R,R,S,R,S,R
ERS1995259,393,24742_1#241,2009,R,R,R,,,,R,R,S,S,R,R
ERS1995260,69,24742_1#242,2009,R,R,R,,,,R,R,R,R,R,S
ERS1995262,1434,24742_1#243,2017,R,R,R,,,,R,R,S,S,S,S
ERS1995286,550,24742_1#244,2017,R,R,R,,,,R,R,S,S,S,S
ERS1995287,1727,24742_1#245,2017,R,S,R,,,,R,R,S,S,S,S
ERS1995288,69,24742_1#246,2017,R,R,R,,,,R,R,S,S,R,S
ERS1995291,1823,24742_1#248,2017,S,S,S,,,,S,S,S,S,S,S
ERS1995293,399,24742_1#249,2017,S,S,R,,,,S,S,R,R,S,S
ERS1995297,10,24742_1#251,2017,S,S,R,,,,S,S,S,S,S,S
ERS1995264,586,24742_1#252,2017,S,S,R,,,,S,S,S,S,S,S
ERS1995265,362,24742_1#253,2017,S,S,R,,,,S,S,S,S,S,S
ERS1995269,635,24742_1#255,2017,S,S,R,,,,S,S,S,S,S,S
ERS1995270,1141,24742_1#256,2017,R,R,R,,,,R,S,S,S,S,S
ERS1995273,73,24742_1#258,2017,S,S,R,,,,S,R,S,S,S,S
ERS1995274,636,24742_1#259,2017,S,S,R,,,,S,S,S,S,S,S
ERS1994970,2350,24742_1#25,,S,S,R,,,,S,S,S,S,S,S
ERS1995275,607,24742_1#260,2017,S,S,S,,,,S,S,S,S,S,S
ERS1995276,8865,24742_1#261,2017,R,S,R,,,,S,R,S,S,S,S
ERS1995277,409,24742_1#262,2017,S,S,S,,,,S,S,S,S,S,S
ERS1995279,399,24742_1#263,2017,S,S,S,,,,S,S,S,S,S,S
ERS1995280,405,24742_1#264,2017,S,S,R,,,,S,S,S,S,S,S
ERS1995281,131,24742_1#265,2017,S,S,R,,,,S,S,R,R,S,S
ERS1995282,10,24742_1#266,2017,S,S,R,,,,S,R,S,S,R,S
ERS1994918,405,24742_1#268,2008,R,R,R,,,,R,R,R,R,R,R
ERS1994920,131,24742_1#269,2008,R,R,R,,,,R,R,S,R,R,R
ERS1994921,95,24742_1#270,2008,R,R,R,,,,R,R,S,R,S,S
ERS1994922,131,24742_1#271,2008,R,R,R,,,,R,R,R,R,R,S
ERS1994923,156,24742_1#272,2008,R,R,R,,,,R,R,R,R,R,S
ERS1994924,131,24742_1#273,2008,R,S,R,,,,R,R,R,R,R,S
ERS1994927,405,24742_1#274,2008,R,R,R,,,,R,R,S,R,S,R
ERS1994928,12,24742_1#275,2008,R,R,R,,,,R,R,R,R,R,S
ERS1994932,648,24742_1#276,2008,R,R,R,,,,R,R,R,R,R,R
ERS1994934,135,24742_1#277,2017,S,S,R,,,,S,S,S,S,S,S
ERS1994935,1973,24742_1#278,2017,S,S,R,,,,S,S,S,S,S,S
ERS1994936,69,24742_1#279,2017,R,R,R,,,,R,R,S,S,S,S
ERS1994938,399,24742_1#280,2017,R,S,R,,,,R,R,S,S,S,S
ERS1994940,127,24742_1#281,2017,S,S,S,,,,S,S,S,S,S,S
ERS1994941,2351,24742_1#282,2017,S,S,R,,,,S,S,S,S,S,S
ERS1994942,141,24742_1#283,2017,S,S,S,,,,S,S,S,S,S,S
ERS1994949,337,24742_1#285,2017,S,S,R,,,,S,S,S,S,R,S
ERS1994953,4598,24742_1#286,2017,S,S,R,,,,S,S,S,S,R,S
ERS1994954,23,24742_1#287,2017,S,R,R,,,,S,R,R,R,S,S
ERS1994955,297,24742_1#288,2017,S,S,R,,,,S,S,R,R,R,S
ERS1994957,399,24742_1#289,2017,S,S,S,,,,S,S,S,S,S,S
ERS1994959,607,24742_1#290,2017,S,S,R,,,,S,S,S,R,S,S
ERS1994960,69,24742_1#291,2017,S,S,R,,,,S,S,S,S,R,S
ERS1994962,8852,24742_1#292,2017,S,S,R,,,,S,R,S,R,S,S
ERS1994965,73,24742_1#294,2017,S,S,R,,,,S,S,S,S,S,S
ERS1994980,121,24742_1#297,,S,S,S,,,,S,S,S,S,S,S
ERS1994925,209,24742_1#2,2008,R,R,R,,,,R,R,R,R,R,R
ERS1995017,648,24742_1#300,2008,R,R,R,,,,R,R,S,R,S,R
ERS1995018,59,24742_1#301,2008,R,R,R,,,,R,R,S,R,S,S
ERS1995019,648,24742_1#302,2008,R,R,R,,,,R,R,S,R,R,R
ERS1995021,131,24742_1#303,2008,R,R,R,,,,R,R,R,R,R,R
ERS1995023,354,24742_1#304,2008,R,R,R,,,,R,R,R,R,R,R
ERS1995029,641,24742_1#307,,S,S,R,,,,S,S,S,S,S,S
ERS1995059,88,24742_1#318,,R,S,R,,,,R,R,S,S,R,S
ERS1995105,3021,24742_1#320,2008,S,S,S,,,,S,S,S,S,S,S
ERS1995107,12,24742_1#321,,S,S,R,,,,S,S,S,S,S,S
ERS1995110,1665,24742_1#322,1998,S,S,S,,,,S,S,S,S,S,S
ERS1995111,3021,24742_1#323,,R,R,R,,,,R,R,R,R,R,R
ERS1995120,590,24742_1#324,,S,S,R,,,,S,S,S,S,S,S
ERS1995123,12,24742_1#326,,S,R,R,,,,S,S,R,S,S,S
ERS1995134,973,24742_1#327,1999,S,S,R,,,,S,S,S,R,R,S
ERS1995135,131,24742_1#328,2007,R,R,R,,,,R,R,S,R,R,R
ERS1995136,660,24742_1#329,,R,S,R,,,,R,R,S,S,S,S
ERS1995139,3,24742_1#330,,S,S,R,,,,S,S,S,S,S,S
ERS1995144,10,24742_1#331,,S,R,R,,,,R,S,R,R,S,S
ERS1995145,131,24742_1#332,2007,R,R,R,,,,R,R,S,R,R,R
ERS1995148,70,24742_1#333,1998,R,S,R,,,,S,S,S,S,S,S
ERS1995149,5268,24742_1#334,2013,S,S,R,,,,S,S,S,S,S,S
ERS1995151,10,24742_1#335,1977,S,S,R,,,,S,S,R,R,S,S
ERS1995153,131,24742_1#336,2005,R,R,R,,,,R,R,R,R,R,R
ERS1995154,12,24742_1#337,,R,R,R,,,,R,R,R,R,R,S
ERS1995159,38,24742_1#339,2005,R,R,R,,,,R,R,R,R,R,S
ERS1994979,69,24742_1#33,,S,S,R,,,,S,S,S,S,S,S
ERS1995160,131,24742_1#340,,S,S,R,,,,S,S,R,R,R,S
ERS1995161,59,24742_1#341,2014,S,S,R,,,,S,S,S,S,S,S
ERS1995163,59,24742_1#342,1999,S,S,R,,,,S,S,S,S,S,S
ERS1995164,34,24742_1#343,1970,S,R,R,,,,R,R,R,R,R,S
ERS1995165,127,24742_1#344,,S,S,S,,,,S,S,S,S,S,S
ERS1995166,1724,24742_1#345,2005,R,R,R,,,,R,R,R,R,R,S
ERS1995183,8853,24742_1#347,2017,S,S,R,,,,S,S,S,S,S,S
ERS1995190,547,24742_1#348,2017,S,S,S,,,,S,S,S,S,S,S
ERS1995196,62,24742_1#350,2017,S,S,R,,,,S,S,S,S,R,S
ERS1995207,10,24742_1#351,,S,S,S,,,,S,S,S,S,S,S
ERS1995208,155,24742_1#352,2008,R,R,R,,,,R,R,S,S,R,S
ERS1995209,127,24742_1#353,2008,R,R,R,,,,R,R,S,S,S,S
ERS1995211,131,24742_1#354,2008,R,R,R,,,,R,R,S,R,R,R
ERS1995222,38,24742_1#355,2008,R,R,R,,,,R,R,S,S,R,S
ERS1995226,5024,24742_1#356,2009,R,R,R,,,,R,R,R,R,R,R
ERS1995228,69,24742_1#357,2008,R,R,R,,,,R,R,S,S,S,S
ERS1995230,648,24742_1#358,2009,R,R,R,,,,R,R,R,R,R,R
ERS1995237,131,24742_1#360,2009,R,R,R,,,,R,R,S,R,S,R
ERS1995243,38,24742_1#361,2009,R,R,R,,,,R,R,S,S,R,S
ERS1995247,131,24742_1#363,2009,R,R,R,,,,R,R,S,R,R,S
ERS1995249,405,24742_1#364,2009,R,R,R,,,,R,R,S,S,R,R
ERS1995251,48,24742_1#365,2009,R,R,R,,,,R,R,S,S,S,S
ERS1995257,648,24742_1#366,2009,R,R,R,,,,R,R,S,S,R,R
ERS1995261,12,24742_1#367,2017,S,S,R,,,,S,S,S,S,S,S
ERS1995263,641,24742_1#368,2017,S,S,R,,,,S,R,S,S,S,S
ERS1995289,6701,24742_1#369,2017,S,S,S,,,,S,S,S,S,S,S
ERS1995292,10,24742_1#370,2017,S,S,R,,,,S,S,S,S,S,S
ERS1995295,58,24742_1#372,2017,S,S,R,,,,S,S,S,S,S,S
ERS1995266,8855,24742_1#373,2017,S,S,R,,,,S,S,S,S,S,S
ERS1995267,136,24742_1#374,2017,S,S,R,,,,S,S,S,S,S,S
ERS1995271,141,24742_1#375,2017,S,S,R,,,,S,S,S,S,S,S
ERS1995278,1231,24742_1#376,2017,S,S,R,,,,S,S,S,S,S,S
ERS1995283,6237,24742_1#377,2017,S,S,R,,,,S,S,S,S,S,S
ERS1995284,5064,24742_1#378,2017,S,S,R,,,,S,S,S,S,S,S
ERS1995285,95,24742_1#379,2017,S,S,R,,,,S,S,S,S,S,S
ERS1995299,10,24742_1#381,2017,S,S,S,,,,S,S,S,S,S,S
ERS1995300,73,24742_1#382,2017,S,S,R,,,,S,S,S,R,S,S
ERS1994926,38,24742_1#3,2008,R,R,R,,,,R,R,R,R,R,S
ERS1994996,398,24742_1#47,,S,S,R,,,,S,S,S,S,R,S
ERS1994929,131,24742_1#4,2008,R,R,R,,,,R,R,S,S,R,R
ERS1995013,362,24742_1#53,,S,S,R,,,,S,S,S,S,S,S
ERS1995020,131,24742_1#57,2008,R,R,R,,,,R,R,R,R,R,R
ERS1995022,678,24742_1#58,2008,R,R,R,,,,R,R,R,R,R,S
ERS1994930,131,24742_1#5,2008,R,R,R,,,,R,R,S,S,R,R
ERS1994931,131,24742_1#6,2008,R,R,R,,,,R,R,S,S,R,S
ERS1994933,131,24742_1#7,2008,R,R,R,,,,R,R,S,R,R,R
ERS1995057,399,24742_1#89,,S,S,S,,,,S,S,S,S,S,S
ERS1994937,216,24742_1#8,2017,S,S,R,,,,R,S,S,S,S,S
ERS1995058,635,24742_1#90,,S,S,S,,,,S,S,R,R,S,S
ERS1995060,10,24742_1#91,,S,S,S,,,,S,S,S,S,S,S
ERS1995061,130,24742_1#92,,S,S,R,,,,S,S,S,S,S,S
ERS1995062,372,24742_1#93,,S,S,R,,,,S,S,S,S,S,S
ERS1995064,68,24742_1#94,,S,S,S,,,,S,S,S,S,S,S
ERS1995065,1619,24742_1#95,,S,S,R,,,,S,S,S,S,S,S
ERS1995066,8858,24742_1#96,,S,S,S,,,,S,S,S,S,S,S
ERS1995067,607,24742_1#97,,S,S,S,,,,S,S,S,R,S,S
ERS1995068,127,24742_1#98,,S,S,R,,,,S,S,S,S,S,S
ERS1995069,5825,24742_1#99,,S,S,R,,,,S,S,S,S,S,S
ERS1994939,685,24742_1#9,2017,S,S,R,,,,S,S,S,S,S,S
